rec_id,gas,change_type,experiment_type,experiment_type_notes,date,location,lat,long,elevation,site_type,vegetation,mat,map,soil_type,soil_bd,soil_c,soil_n,soil_p_h,soil_p_h_notes,rainfall,t_incubation,t_soil_pre,t_soil_post,sm_pre,sm_post,sm_change,flux_pre_raw,flux_post_raw,flux_pre,flux_post,flux_units,conversion,flux_pre_norm,flux_post_norm,flux_norm_units,flux_change,flux_change_notes,cumulative_flux_during_peak,peak_lag,duration,annual_budget_contrib,surplus_emissions,notes,ref_short,ref_long,x47,x48,x49,x50,x51,x52,x53,x54,x55,x56,x57,x58,x59,x60,x61,x62,x63,x64,x65,x66,x67,x68,x69,x70,x71,x72,x73,x74,x75,x76,x77,x78,x79,x80,x81,x82,x83,log_response_ratio
7,CH4,Rewetting,Field,NA,NA,"RafteryÕs Swamp, Goulburn River, Victoria, Australia",-36.45,145.367,NA,ephemeral wetland,"forests: Eucalyptus camaldulensis Dehnh. Aquatic vegetation: Amphibromus fluvitans R.Br., Eleocharis acuta R.Br., Myriophyllum spp., Potamogeton crispus L.,Potamogeton tricarinatus F. Muell & A. Benn. ex. A. Benn and Triglochin procerum R.Br.",NA,NA,NA,NA,NA,NA,NA,NA,NA,NA,NA,NA,NA,NA,NA,< 0.3 mmol m-2 h-1,1.7 +/- 0.05 mmol m-2 h-1,0.3,1.7,mmol CH4/m2/hr,16,4.8,27.2,mg gas/m2/hr,467,466.6666667,NA,NA,NA,NA,NA,NA,Boon et al. 1997,"Boon, P.I., Mitchell, A., Lee, K., 1997. Effects of wetting and drying on methane emissions from ephemeral floodplain wetlands in south-eastern Australia. Hydrobiologia 357, 73-87.",NA,NA,NA,NA,NA,NA,NA,NA,NA,NA,NA,NA,NA,NA,NA,NA,NA,NA,NA,NA,NA,NA,NA,NA,NA,NA,NA,NA,NA,NA,NA,NA,NA,NA,NA,NA,NA,1.7346010553881064
8,CH4,Rewetting,Field,NA,NA,"Ryans Bog, River Murray and Kiewa River, AlburyWodonga, Victoria, Australia",NA,NA,NA,ephemeral wetland,"Callitriche stagnalis Scop., Juncus usitatus L.A.S. Johnson, Ludwigia peploides (Knuth)Raven,Myriophyllum papillosumOrch., Lemna sp. and Paspalum distichum Poir",NA,NA,NA,NA,NA,NA,NA,NA,NA,NA,NA,NA,NA,NA,NA,< 0.3 mmol m-2 h-1,2.3 +/- 0.8 mmol m-2 h-1,0.3,2.3,mmol CH4/m2/hr,16,4.8,36.8,mg gas/m2/hr,667,666.6666667,NA,1080,NA,NA,NA,NA,Boon et al. 1997,"Boon, P.I., Mitchell, A., Lee, K., 1997. Effects of wetting and drying on methane emissions from ephemeral floodplain wetlands in south-eastern Australia. Hydrobiologia 357, 73-87.",NA,NA,NA,NA,NA,NA,NA,NA,NA,NA,NA,NA,NA,NA,NA,NA,NA,NA,NA,NA,NA,NA,NA,NA,NA,NA,NA,NA,NA,NA,NA,NA,NA,NA,NA,NA,NA,2.03688192726104
9,CH4,Rewetting,Field,NA,NA,"Ryans 5 Billabong, River Murray and Kiewa River, AlburyWodonga, Victoria, Australia",NA,NA,NA,ephemeral wetland,"Callitriche stagnalis, Juncus ingens N.A. Wakef. and Ricciocarpus natans (L.) Corda",NA,NA,NA,NA,NA,NA,NA,NA,NA,NA,NA,NA,NA,NA,NA,< 0.05 mmol m-2 h-1,0.19 +/- 0.03 mmol m-2 h-1,0.05,0.19,mmol CH4/m2/hr,16,0.8,3.04,mg gas/m2/hr,280,280,NA,34,NA,NA,NA,NA,Boon et al. 1997,"Boon, P.I., Mitchell, A., Lee, K., 1997. Effects of wetting and drying on methane emissions from ephemeral floodplain wetlands in south-eastern Australia. Hydrobiologia 357, 73-87.",NA,NA,NA,NA,NA,NA,NA,NA,NA,NA,NA,NA,NA,NA,NA,NA,NA,NA,NA,NA,NA,NA,NA,NA,NA,NA,NA,NA,NA,NA,NA,NA,NA,NA,NA,NA,NA,1.33500106673234
18,CO2,Rewetting,Field,NA,NA,"The Sycamore Creek watershed in the Mazatzal Mountains, Phoenix, AZ",NA,NA,NA,Desert (beneath plants),Velvet mesquite (Prosopis velutina),NA,450,Sandy loam,1.4,8.2,0.45,NA,NA,"0.2, 0.5, 1.0, 2.0, and 4.0cm",NA,NA,NA,0.014,5.6% to 17.3%,NA,0.01 g CO2 m-2 h-1,0.43 to 2.2 g CO2 m-2 h-1,0.01,1.315,g CO2/m2/hr,1000,10,1315,mg gas/m2/hr,13050,3000,4.5Ð19.3 g C/m2,0.3,24,NA,NA,NA,"Sponseller, 2007","Sponseller, R.A., 2007. Precipitation pulses and soil CO2 flux in a Sonoran Desert ecosystem. Global Change Biology 13, 426-436. doi: 10.1111/j.1365-2486.2006.01307.x",NA,NA,NA,NA,NA,NA,NA,NA,NA,NA,NA,NA,NA,NA,NA,NA,NA,NA,NA,NA,NA,NA,NA,NA,NA,NA,NA,NA,NA,NA,NA,NA,NA,NA,NA,NA,NA,4.879006851617819
19,CO2,Rewetting,Field,NA,NA,"The Sycamore Creek watershed in the Mazatzal Mountains, Phoenix, AZ",NA,NA,NA,Desert (interplant space),NA,NA,450,Sandy loam,1.5,2.9,0.08,NA,NA,"0.2, 0.5, 1.0, 2.0, and 4.0cm",NA,NA,NA,0.007,2.1% to 7.9%,NA,0.01 g CO2 m-2 h-1,0.09 to 0.69   g CO2 m-2 h-1,0.01,0.39,g CO2/m2/hr,1000,10,390,mg gas/m2/hr,3800,3000,2.0Ð4.1 g C/m2,0.3,24,NA,NA,NA,"Sponseller, 2007","Sponseller, R.A., 2007. Precipitation pulses and soil CO2 flux in a Sonoran Desert ecosystem. Global Change Biology 13, 426-436. doi: 10.1111/j.1365-2486.2006.01307.x",NA,NA,NA,NA,NA,NA,NA,NA,NA,NA,NA,NA,NA,NA,NA,NA,NA,NA,NA,NA,NA,NA,NA,NA,NA,NA,NA,NA,NA,NA,NA,NA,NA,NA,NA,NA,NA,3.6635616461296463
21,CO2,Rewetting,Field,NA,NA,"Mount Norikura in Gifu Prefecture, Japan",36.133,137.433,1430,Forest,Quercus crispula Blume and Betula ermanii Cham,6.1,2175,NA,NA,NA,NA,NA,NA,NA,NA,NA,NA,NA,NA,NA,380 mg CO2 m_2 h_1,560 mg CO2 m_2 h_1,380,560,mg CO2/m2/hr,1,380,560,mg gas/m2/hr,47,47,NA,NA,6,NA,NA,NA,"Lee et al., 2002","Lee, M.S., Nakane, K., Nakatsubo, T., Mo, W.H., Koizumi, H., 2002. Effects of rainfall events on soil CO2 flux in a cool temperate deciduous broad-leaved forest. Ecological Research 17, 401-409. doi: 10.1046/j.1440-1703.2002.00498.x",NA,NA,NA,NA,NA,NA,NA,NA,NA,NA,NA,NA,NA,NA,NA,NA,NA,NA,NA,NA,NA,NA,NA,NA,NA,NA,NA,NA,NA,NA,NA,NA,NA,NA,NA,NA,NA,0.38776553100876343
25,CO2,Rewetting,Field,Rainfall exclusion,NA,"Zurich, Switzerland",47.2,8.4,NA,Grassland,"Grass-clover mixture, dominated by perennial grasses (e.g. Lolium spp.) and legumes (e.g. Trifolium spp.)",10,1232,"Moderately acidic loamy Cambisols; 28.6% sand, 48.8% silt, 22.6% clay",1,3.1,0.34,5.3,5.3,NA,NA,NA,NA,NA,NA,NA,4 umol m-2 s-1,18 umol m-2 s-1,4,18,µmol CO2/m2/s,158.4,633.6,2851.2,mg gas/m2/hr,350,350,NA,NA,NA,NA,NA,NA,"Joos et al., 2010","Joos, O., Hagedorn, F., Heim, A., Gilgen, A.K., Schmidt, M.W.I., Siegwolf, R.T.W., Buchmann, N., 2010. Summer drought reduces total and litter-derived soil CO2 effluxes in temperate grassland - clues from a 13C litter addition experiment. Biogeosciences 7, 1031-1041.",NA,NA,NA,NA,NA,NA,NA,NA,NA,NA,NA,NA,NA,NA,NA,NA,NA,NA,NA,NA,NA,NA,NA,NA,NA,NA,NA,NA,NA,NA,NA,NA,NA,NA,NA,NA,NA,1.504077396776274
26,CO2,Rewetting,Field,NA,NA,southern Finland,61.85,24.283,181,Forest,Scots pine,NA,NA,Haplic podzol,NA,3.89,0.12,NA,NA,NA,NA,NA,NA,0.15,0.37,0.22,0.4 gm_2 h_1*,0.8 gm_2 h_1*,0.4,0.8,g CO2/m2/hr,1000,400,800,mg gas/m2/hr,100,100,NA,NA,NA,NA,NA,NA,"Pumpanen et al., 2003","Pumpanen, J., Ilvesniemi, H., Peramaki, M., Hari, P., 2003. Seasonal patterns of soil CO2 efflux and soil air CO2 concentration in a Scots pine forest: comparison of two chamber techniques. Global Change Biology 9, 371-382. doi: 10.1046/j.1365-2486.2003.00588.x",NA,NA,NA,NA,NA,NA,NA,NA,NA,NA,NA,NA,NA,NA,NA,NA,NA,NA,NA,NA,NA,NA,NA,NA,NA,NA,NA,NA,NA,NA,NA,NA,NA,NA,NA,NA,NA,0.6931471805599453
28,CO2,Rewetting,Field,NA,NA,"Mount Norikura in Gifu Prefecture, Japan",36.133,137.433,1430,Forest,Quercus crispula Blume and Betula ermanii Cham,6.1,2175,NA,NA,NA,NA,NA,NA,NA,NA,NA,NA,NA,NA,NA,380 mg CO2 m_2 h_1,560 mg CO2 m_2 h_1,380,560,mg CO2/m2/hr,1,380,560,mg gas/m2/hr,47,47,NA,NA,NA,NA,NA,NA,"Lee et al., 2002","Lee, M.S., Nakane, K., Nakatsubo, T., Mo, W.H., Koizumi, H., 2002. Effects of rainfall events on soil CO2 flux in a cool temperate deciduous broad-leaved forest. Ecological Research 17, 401-409. doi: 10.1046/j.1440-1703.2002.00498.x",NA,NA,NA,NA,NA,NA,NA,NA,NA,NA,NA,NA,NA,NA,NA,NA,NA,NA,NA,NA,NA,NA,NA,NA,NA,NA,NA,NA,NA,NA,NA,NA,NA,NA,NA,NA,NA,0.38776553100876343
33,CO2,Rewetting,Field,NA,NA,"Gwangneung Experimental Forest watershed, Kyung-Gi Province, South Korea",37.75,127.15,NA,Forest,Deciduous forest,NA,NA,Sandy loam,NA,6.2,0.23,4.2,4.2 +/- 0.1,13.7,NA,NA,NA,0.17,0.36,19,0.44 +/- 0.1 g CO2 m-2 h-1,0.70 +/- 0.14 g CO2 m-2 h-1,0.44,0.7,g CO2/m2/hr,1000,440,700,mg gas/m2/hr,59,64,NA,10,96,NA,NA,NA,"Kim et al., 2010","Kim, D.-G., Mu, S., Kang, S., Lee, D., 2010. Factors controlling soil CO2 effluxes and the effects of rewetting on effluxes in adjacent deciduous, coniferous, and mixed forests in Korea. Soil Biology and Biochemistry 42, 576-585. doi:10.1016/j.soilbio.2009.12.005",NA,NA,NA,NA,NA,NA,NA,NA,NA,NA,NA,NA,NA,NA,NA,NA,NA,NA,NA,NA,NA,NA,NA,NA,NA,NA,NA,NA,NA,NA,NA,NA,NA,NA,NA,NA,NA,0.4643056081310978
34,CO2,Rewetting,Field,NA,NA,"Gwangneung Experimental Forest watershed, Kyung-Gi Province, South Korea",37.75,127.15,NA,Forest,Coniferous forest,NA,NA,Sandy loam,NA,3.1,0.11,4.1,4.1 +/- 0.1,13.7,NA,NA,NA,0.11,0.26,15,0.19 +/- 0.03 g CO2 m-2 h-1,0.40 +/- 0.08 g CO2 m-2 h-1,0.19,0.4,g CO2/m2/hr,1000,190,400,mg gas/m2/hr,111,173,NA,10,96,NA,NA,NA,"Kim et al., 2010","Kim, D.-G., Mu, S., Kang, S., Lee, D., 2010. Factors controlling soil CO2 effluxes and the effects of rewetting on effluxes in adjacent deciduous, coniferous, and mixed forests in Korea. Soil Biology and Biochemistry 42, 576-585. doi:10.1016/j.soilbio.2009.12.005",NA,NA,NA,NA,NA,NA,NA,NA,NA,NA,NA,NA,NA,NA,NA,NA,NA,NA,NA,NA,NA,NA,NA,NA,NA,NA,NA,NA,NA,NA,NA,NA,NA,NA,NA,NA,NA,0.7444404749474958
35,CO2,Rewetting,Field,NA,NA,"Gwangneung Experimental Forest watershed, Kyung-Gi Province, South Korea",37.75,127.15,NA,Forest,Mixed forest,NA,NA,Sandy loam,NA,3.4,0.1,4.2,4.2 +/- 0.1,13.7,NA,NA,NA,0.1,0.23,13,0.32 +/- 0.03  g CO2 m-2 h-1,0.60 +/- 0.07 g CO2 m-2 h-1,0.32,0.6,g CO2/m2/hr,1000,320,600,mg gas/m2/hr,88,93,NA,10,96,NA,NA,NA,"Kim et al., 2010","Kim, D.-G., Mu, S., Kang, S., Lee, D., 2010. Factors controlling soil CO2 effluxes and the effects of rewetting on effluxes in adjacent deciduous, coniferous, and mixed forests in Korea. Soil Biology and Biochemistry 42, 576-585. doi:10.1016/j.soilbio.2009.12.005",NA,NA,NA,NA,NA,NA,NA,NA,NA,NA,NA,NA,NA,NA,NA,NA,NA,NA,NA,NA,NA,NA,NA,NA,NA,NA,NA,NA,NA,NA,NA,NA,NA,NA,NA,NA,NA,0.6286086594223741
36,CO2,Rewetting,Field,"Unburned, rainfall exclusion",NA,"close to Tchizalamou, Congo",4.289,11.656,NA,Grassland savannah,Poaceae,5,1200,Ferralic Arenosols,1.43,0.95,0.06,3.65,3.65,30,NA,NA,NA,0.0373,0.197,15.97,6 g C m-2 d-1*,11 g C m-2 d-1*,6,11,g C/m2/day,152.7778,916.6669999999999,1680.556,mg gas/m2/hr,83,83,NA,NA,240,NA,NA,NA,"Castaldi et al., 2010","Castaldi, S., de Grandcourt, A., Rasile, A., Skiba, U., Valentini, R., 2010. Fluxes of CO2, CH4 and N2O from soil of burned grassland savannah of central Africa. Biogeosciences Discuss. 7, 4089-4126.doi:10.5194/bgd-7-4089-2010",NA,NA,NA,NA,NA,NA,NA,NA,NA,NA,NA,NA,NA,NA,NA,NA,NA,NA,NA,NA,NA,NA,NA,NA,NA,NA,NA,NA,NA,NA,NA,NA,NA,NA,NA,NA,NA,0.6061357043967931
37,CO2,Rewetting,Field,"Burned, rainfall exclusion",NA,"close to Tchizalamou, Congo",4.289,11.656,NA,Grassland savannah,Poaceae,5,1200,Ferralic Arenosols,1.43,1.17,0.08,3.73,3.73,30,NA,NA,NA,0.0365,0.197,16.05,5 g C m-2 d-1*,12 g C m-2 d-1*,5,12,g C/m2/day,152.7778,763.889,1833.3329999999999,mg gas/m2/hr,140,140,NA,NA,240,NA,NA,NA,"Castaldi et al., 2010","Castaldi, S., de Grandcourt, A., Rasile, A., Skiba, U., Valentini, R., 2010. Fluxes of CO2, CH4 and N2O from soil of burned grassland savannah of central Africa. Biogeosciences Discuss. 7, 4089-4126.doi:10.5194/bgd-7-4089-2010",NA,NA,NA,NA,NA,NA,NA,NA,NA,NA,NA,NA,NA,NA,NA,NA,NA,NA,NA,NA,NA,NA,NA,NA,NA,NA,NA,NA,NA,NA,NA,NA,NA,NA,NA,NA,NA,0.8754684100811666
38,CO2,Rewetting,Field,Ecosystem respiration,NA,"Sierra Nevada Mountains, Sacramento, USA",38.407,-120.951,NA,Grazed grassland,"Brachypodium distachyon L., Hypochaeris glabra L., Trifolium dubium Sibth., Trifolium hirtum All., Dichelostemma volubile A., and Erodium botrys Cav.",16.3,559,Silt loam (Lithic xerorthents),1.43,1.39,0.14,NA,NA,8.9,NA,NA,NA,NA,NA,NS,0.12 g C m-2 d-1,7.29 g C m-2 d-1,0.12,7.29,g C/m2/day,152.7778,18.333000000000002,1113.75,mg gas/m2/hr,5975,5975,NA,24,72,NA,NA,NA,"Xu and Baldocchi, 2004","Xu, L., Baldocchi, D.D., 2004. Seasonal variation in carbon dioxide exchange over a Mediterranean annual grassland in California. Agricultural and Forest Meteorology 123, 79-96. doi:10.1016/j.agrformet.2003.10.004.",NA,NA,NA,NA,NA,NA,NA,NA,NA,NA,NA,NA,NA,NA,NA,NA,NA,NA,NA,NA,NA,NA,NA,NA,NA,NA,NA,NA,NA,NA,NA,NA,NA,NA,NA,NA,NA,4.106785264204131
39,CO2,Rewetting,Field,Ecosystem respiration,NA,"Sierra Nevada Mountains, Sacramento, USA",38.407,-120.951,NA,Grazed grassland,"Brachypodium distachyon L., Hypochaeris glabra L., Trifolium dubium Sibth., Trifolium hirtum All., Dichelostemma volubile A., and Erodium botrys Cav.",16.3,559,Silt loam (Lithic xerorthents),1.43,1.39,0.14,NA,NA,12.7,NA,NA,NA,NA,NA,NA,0.05 g C m-2 d-1,5.49 g C m-2 d-1,0.05,5.49,g C/m2/day,152.7778,7.639,838.75,mg gas/m2/hr,10880,10880,NA,NA,NA,NA,NA,NA,"Xu and Baldocchi, 2004","Xu, L., Baldocchi, D.D., 2004. Seasonal variation in carbon dioxide exchange over a Mediterranean annual grassland in California. Agricultural and Forest Meteorology 123, 79-96. doi:10.1016/j.agrformet.2003.10.004.",NA,NA,NA,NA,NA,NA,NA,NA,NA,NA,NA,NA,NA,NA,NA,NA,NA,NA,NA,NA,NA,NA,NA,NA,NA,NA,NA,NA,NA,NA,NA,NA,NA,NA,NA,NA,NA,4.698645983726669
40,CO2,Rewetting,Field,Ecosystem respiration,NA,"Sierra Nevada Mountains, Sacramento, USA",38.407,-120.951,NA,Grazed grassland,"Brachypodium distachyon L., Hypochaeris glabra L., Trifolium dubium Sibth., Trifolium hirtum All., Dichelostemma volubile A., and Erodium botrys Cav.",16.3,559,Silt loam (Lithic xerorthents),1.43,1.39,0.14,NA,NA,51.8,NA,NA,NA,NA,NA,NA,0.5 g C m-2 d-1*,3.28 g C m-2 d-1,0.5,3.28,g C/m2/day,152.7778,76.389,501.111,mg gas/m2/hr,556,556,NA,NA,NA,NA,NA,NA,"Xu and Baldocchi, 2004","Xu, L., Baldocchi, D.D., 2004. Seasonal variation in carbon dioxide exchange over a Mediterranean annual grassland in California. Agricultural and Forest Meteorology 123, 79-96. doi:10.1016/j.agrformet.2003.10.004.",NA,NA,NA,NA,NA,NA,NA,NA,NA,NA,NA,NA,NA,NA,NA,NA,NA,NA,NA,NA,NA,NA,NA,NA,NA,NA,NA,NA,NA,NA,NA,NA,NA,NA,NA,NA,NA,1.8809889266820863
41,CO2,Rewetting,Field,NA,NA,"close to the village of Bellenden Ker, Queensland, Australia",-17.267,145.9,80,Tropical forest,a complex mesophyll vine forest,24.3,4360,Ustochrept derived from granite,NA,3.1,NA,4.1,4.1,NA,NA,NA,NA,NA,NA,NA,<50 mg C m-2 h-1,up to 200 mg C m-2 h-1,50,200,mg C/m2/hr,3.6667,183.333,733.333,mg gas/m2/hr,300,300,NA,NA,NA,NA,NA,NA,"Butterbach-Bahl et al., 2004","Butterbach-Bahl, K., Kock, M., Willibald, G., Hewett, B., Buhagiar, S., Papen, H., Kiese, R., 2004. Temporal variations of fluxes of NO, NO2, N2O, CO2, and CH4 in a tropical rain forest ecosystem. Global Biogeochemical Cycles 18, GB3012. doi:10.1029/2004GB002243.",NA,NA,NA,NA,NA,NA,NA,NA,NA,NA,NA,NA,NA,NA,NA,NA,NA,NA,NA,NA,NA,NA,NA,NA,NA,NA,NA,NA,NA,NA,NA,NA,NA,NA,NA,NA,NA,1.3862957247578038
42,CO2,Rewetting,Field,NA,NA,"Agramunt, Lleida, Spain",41.8,1.117,NA,Crop field,winter-barley,NA,430,Xerofluvent typic,NA,0.75,NA,7.95,7.8 - 8.1,4,NA,NA,NA,NA,NA,NA,< 1 umol m-2 s-1,1.68 umol m-2 s-1,1,1.68,µmol CO2/m2/s,158.4,158.4,266.112,mg gas/m2/hr,68,NA,NA,NA,NA,NA,NA,NA,"Morell et al., 2010","Morell, F.J., çlvaro-Fuentes, J., LampurlanŽs, J., Cantero-Mart’nez, C., 2010. Soil CO2 fluxes following tillage and rainfall events in a semiarid Mediterranean agroecosystem: Effects of tillage systems and nitrogen fertilization. Agriculture, Ecosystems & Environment. doi:doi:10.1016/j.agee.2010.07.015.",NA,NA,NA,NA,NA,NA,NA,NA,NA,NA,NA,NA,NA,NA,NA,NA,NA,NA,NA,NA,NA,NA,NA,NA,NA,NA,NA,NA,NA,NA,NA,NA,NA,NA,NA,NA,NA,0.5187937934151676
43,CO2,Rewetting,Field,NA,NA,"Agramunt, Lleida, Spain",41.8,1.117,NA,Crop field,winter-barley,NA,430,Xerofluvent typic,NA,0.75,NA,7.95,7.8 - 8.1,14,NA,NA,NA,NA,NA,NA,< 1 umol m-2 s-1,1.42 umol m-2 s-1,1,1.42,µmol CO2/m2/s,158.4,158.4,224.92800000000003,mg gas/m2/hr,42,NA,NA,NA,NA,NA,NA,NA,"Morell et al., 2010","Morell, F.J., çlvaro-Fuentes, J., LampurlanŽs, J., Cantero-Mart’nez, C., 2010. Soil CO2 fluxes following tillage and rainfall events in a semiarid Mediterranean agroecosystem: Effects of tillage systems and nitrogen fertilization. Agriculture, Ecosystems & Environment. doi:doi:10.1016/j.agee.2010.07.015.",NA,NA,NA,NA,NA,NA,NA,NA,NA,NA,NA,NA,NA,NA,NA,NA,NA,NA,NA,NA,NA,NA,NA,NA,NA,NA,NA,NA,NA,NA,NA,NA,NA,NA,NA,NA,NA,0.3506568716131695
44,CO2,Rewetting,Field,NA,NA,"Agramunt, Lleida, Spain",41.8,1.117,NA,Crop field,winter-barley,NA,430,Xerofluvent typic,NA,0.75,NA,7.95,7.8 - 8.1,29,NA,NA,NA,NA,NA,NA,< 1 umol m-2 s-1,2.77 umol m-2 s-1,1,2.77,µmol CO2/m2/s,158.4,158.4,438.768,mg gas/m2/hr,177,NA,NA,NA,NA,NA,NA,NA,"Morell et al., 2010","Morell, F.J., çlvaro-Fuentes, J., LampurlanŽs, J., Cantero-Mart’nez, C., 2010. Soil CO2 fluxes following tillage and rainfall events in a semiarid Mediterranean agroecosystem: Effects of tillage systems and nitrogen fertilization. Agriculture, Ecosystems & Environment. doi:doi:10.1016/j.agee.2010.07.015.",NA,NA,NA,NA,NA,NA,NA,NA,NA,NA,NA,NA,NA,NA,NA,NA,NA,NA,NA,NA,NA,NA,NA,NA,NA,NA,NA,NA,NA,NA,NA,NA,NA,NA,NA,NA,NA,1.018847320199247
45,CO2,Rewetting,Field,Irrigation treatment,NA,"ƒvora, Portugal",38.541,-8,NA,Mediterranean savannah-type evergreen oak woodland,montado,15.5,669,"incipient, derived from granitic rock",NA,NA,NA,NA,NA,20,NA,NA,NA,0.12,NA,NA,1.4 umol m-2 s-1,6 umol m-2 s-1,1,6,µmol CO2/m2/s,158.4,221.76,950.4,mg gas/m2/hr,329,328.5714286,NA,NA,NA,NA,NA,NA,"Unger et al., 2010","Unger, S., M‡guas, C., Pereira, J.S., David, T.S., Werner, C., 2010. The influence of precipitation pulses on soil respiration - Assessing the ""Birch effect"" by stable carbon isotopes. Soil Biology and Biochemistry 42, 1800-1810.",NA,NA,NA,NA,NA,NA,NA,NA,NA,NA,NA,NA,NA,NA,NA,NA,NA,NA,NA,NA,NA,NA,NA,NA,NA,NA,NA,NA,NA,NA,NA,NA,NA,NA,NA,NA,NA,1.455287232606842
46,CO2,Rewetting,Field,Irrigation treatment,NA,"ƒvora, Portugal",38.541,-8,NA,Mediterranean savannah-type evergreen oak woodland,montado,15.5,669,"incipient, derived from granitic rock",NA,NA,NA,NA,NA,20,NA,NA,NA,near zero,NA,NA,0.5 umol m-2 s-1,12 umol m-2 s-1,1,12,µmol CO2/m2/s,158.4,79.2,1900.8,mg gas/m2/hr,2300,2300,NA,NA,NA,NA,NA,NA,"Unger et al., 2010","Unger, S., M‡guas, C., Pereira, J.S., David, T.S., Werner, C., 2010. The influence of precipitation pulses on soil respiration - Assessing the ""Birch effect"" by stable carbon isotopes. Soil Biology and Biochemistry 42, 1800-1810.",NA,NA,NA,NA,NA,NA,NA,NA,NA,NA,NA,NA,NA,NA,NA,NA,NA,NA,NA,NA,NA,NA,NA,NA,NA,NA,NA,NA,NA,NA,NA,NA,NA,NA,NA,NA,NA,3.1780538303479458
47,CO2,Rewetting,Field,NA,NA,"Mitra, Portugal",38.533,-8,NA,Mediterranean savannah-type evergreen oak woodland,Q. suber and Q. ilex,15.4,665,"Quartzodiorite, granodiorite",1.7,1.28,0.12,5.5,5.5,18,NA,NA,NA,NA,NA,NA,0.26 umol m-2 s-1,4.1 umol m-2 s-1,0.26,4.1,µmol CO2/m2/s,158.4,41.184,649.4399999999999,mg gas/m2/hr,NA,1477,18 g C m-2,NA,NA,NA,NA,NA,"Jarvis et al., 2007","Jarvis, P., Rey, A., Petsikos, C., Wingate, L., Rayment, M., Pereira, J., Banza, J., David, J., Miglietta, F., Borghetti, M., Manca, G., Valentini, R., 2007. Drying and wetting of Mediterranean soils stimulates decomposition and carbon dioxide emission: the ""Birch effect"". Tree Physiology 27, 929-940.",NA,NA,NA,NA,NA,NA,NA,NA,NA,NA,NA,NA,NA,NA,NA,NA,NA,NA,NA,NA,NA,NA,NA,NA,NA,NA,NA,NA,NA,NA,NA,NA,NA,NA,NA,NA,NA,2.7580606216768713
57,CO2,Rewetting,Lab,NA,NA,"Xilin River catchment, Inner Mongolia, China",NA,NA,NA,Typical steppe,L. chinensis and Stipagrandis,0.7,335,Calcic Chernozems,1.305,1.69,0.172,6.45,6.1-6.8,NA,15,NA,NA,WFPS: 6,WFPS:16.7,WFPS:10.7,5 mg C m-2 h-1,28.4 +/- 2.6 mg C m-2 h-1,5,28.4,mg C/m2/hr,3.6667,18.333000000000002,104.133,mg gas/m2/hr,468,468,NA,0,48,NA,NA,NA,"Wu et al., 2010","Wu, X., Yao, Z., BrŸggemann, N., Shen, Z.Y., Wolf, B., Dannenmann, M., Zheng, X., Butterbach-Bahl, K., 2010. Effects of soil moisture and temperature on CO2 and CH4 soil-atmosphere exchange of various land use/cover types in a semi-arid grassland in Inner Mongolia, China. Soil Biology and Biochemistry 42, 773-787. doi:10.1016/j.soilbio.2010.01.013",NA,NA,NA,NA,NA,NA,NA,NA,NA,NA,NA,NA,NA,NA,NA,NA,NA,NA,NA,NA,NA,NA,NA,NA,NA,NA,NA,NA,NA,NA,NA,NA,NA,NA,NA,NA,NA,1.7369662136870818
58,CO2,Rewetting,Lab,NA,NA,"Xilin River catchment, Inner Mongolia, China",NA,NA,NA,Sand dunes,NA,0.7,335,Calcic Chernozems,1.515,0.965,0.0985,6.45,6.2-6.7,NA,15,NA,NA,WFPS:5,WFPS:17.9,WFPS:12.9,5 mg C m-2 h-1,50.0 +/- 5.7 mg C m-2 h-1,5,50,mg C/m2/hr,3.6667,18.333000000000002,183.333,mg gas/m2/hr,900,900,NA,0,48,NA,NA,NA,"Wu et al., 2010","Wu, X., Yao, Z., BrŸggemann, N., Shen, Z.Y., Wolf, B., Dannenmann, M., Zheng, X., Butterbach-Bahl, K., 2010. Effects of soil moisture and temperature on CO2 and CH4 soil-atmosphere exchange of various land use/cover types in a semi-arid grassland in Inner Mongolia, China. Soil Biology and Biochemistry 42, 773-787. doi:10.1016/j.soilbio.2010.01.013",NA,NA,NA,NA,NA,NA,NA,NA,NA,NA,NA,NA,NA,NA,NA,NA,NA,NA,NA,NA,NA,NA,NA,NA,NA,NA,NA,NA,NA,NA,NA,NA,NA,NA,NA,NA,NA,2.3026014567940476
59,CO2,Rewetting,Lab,NA,NA,"Xilin River catchment, Inner Mongolia, China",NA,NA,NA,Mountain meadow,"Bromus inermis, Agrostis gigantea, Carex pediformis, Stipa baicalensis and Calamagrostis epigeios",0.7,335,Calcic Chernozems,1,3.27,0.3935,5.45,5.0-5.9,NA,15,NA,NA,WFPS:10,WFPS:21,WFPS:11,5 mg C m-2 h-1,81.9 +/- 2.7 mg C m-2 h-1,5,81.9,mg C/m2/hr,3.6667,18.333000000000002,300.3,mg gas/m2/hr,1538,1520,NA,0,48,NA,NA,NA,"Wu et al., 2010","Wu, X., Yao, Z., BrŸggemann, N., Shen, Z.Y., Wolf, B., Dannenmann, M., Zheng, X., Butterbach-Bahl, K., 2010. Effects of soil moisture and temperature on CO2 and CH4 soil-atmosphere exchange of various land use/cover types in a semi-arid grassland in Inner Mongolia, China. Soil Biology and Biochemistry 42, 773-787. doi:10.1016/j.soilbio.2010.01.013",NA,NA,NA,NA,NA,NA,NA,NA,NA,NA,NA,NA,NA,NA,NA,NA,NA,NA,NA,NA,NA,NA,NA,NA,NA,NA,NA,NA,NA,NA,NA,NA,NA,NA,NA,NA,NA,2.7960792604083964
60,CO2,Rewetting,Lab,NA,NA,"Xilin River catchment, Inner Mongolia, China",NA,NA,NA,Marshland,"Phragmites australis, Carex appendiculata, Iris lactea var. chinensis and Hippuris vulgaris",0.7,335,Calcic Chernozems,1.315,2.575,0.28,6.85,6.3-7.4,NA,15,NA,NA,WFPS:15,WFPS:30.7,WFPS:15.7,5 mg C m-2 h-1,10.6 +/- 1.2 mg C m-2 h-1,5,10.6,mg C/m2/hr,3.6667,18.333000000000002,38.867,mg gas/m2/hr,112,112,NA,0,48,NA,NA,NA,"Wu et al., 2010","Wu, X., Yao, Z., BrŸggemann, N., Shen, Z.Y., Wolf, B., Dannenmann, M., Zheng, X., Butterbach-Bahl, K., 2010. Effects of soil moisture and temperature on CO2 and CH4 soil-atmosphere exchange of various land use/cover types in a semi-arid grassland in Inner Mongolia, China. Soil Biology and Biochemistry 42, 773-787. doi:10.1016/j.soilbio.2010.01.013",NA,NA,NA,NA,NA,NA,NA,NA,NA,NA,NA,NA,NA,NA,NA,NA,NA,NA,NA,NA,NA,NA,NA,NA,NA,NA,NA,NA,NA,NA,NA,NA,NA,NA,NA,NA,NA,0.7514428469599486
64,CO2,Rewetting,Lab,NA,NA,"Ottawa, ON, Canada",45.367,-75.717,NA,Cropland,Maize (Zea mays L.),NA,NA,"33% clay, 31% silt and 36% sand",1.01,2.45,0.19,7.4,7.4,NA,NA,NA,NA,WFPS:7,WFPS:45,WFPS:38,0.27 mgCO2-C g-1 d-1,7.15 mg CO2-C g-1 d-1,0.27,7.15,mg C/g/day,152.7778,41.25,1092.3609999999999,mg gas/kg/hr,2548,2548,NA,NA,72,NA,NA,NA,"Beare et al., 2009","Beare, M.H., Gregorich, E.G., St-Georges, P., 2009. Compaction effects on CO2 and N2O production during drying and rewetting of soil. Soil Biology and Biochemistry 41, 611-621. doi:10.1016/j.soilbio.2008.12.024",NA,NA,NA,NA,NA,NA,NA,NA,NA,NA,NA,NA,NA,NA,NA,NA,NA,NA,NA,NA,NA,NA,NA,NA,NA,NA,NA,NA,NA,NA,NA,NA,NA,NA,NA,NA,NA,3.276445574973208
65,CO2,Rewetting,Lab,NA,NA,"Ottawa, ON, Canada",45.367,-75.717,NA,Cropland,Maize (Zea mays L.),NA,NA,"33% clay, 31% silt and 36% sand",1.49,2.45,0.19,7.4,7.4,NA,NA,NA,NA,WFPS:14,WFPS:77,WFPS:63,0.42 mg CO2-C g-1 d-1,3.02 mg CO2-C g-1 d-1,0.42,3.02,mg C/g/day,152.7778,64.167,461.389,mg gas/kg/hr,619,619,NA,NA,72,NA,NA,NA,"Beare et al., 2009","Beare, M.H., Gregorich, E.G., St-Georges, P., 2009. Compaction effects on CO2 and N2O production during drying and rewetting of soil. Soil Biology and Biochemistry 41, 611-621. doi:10.1016/j.soilbio.2008.12.024",NA,NA,NA,NA,NA,NA,NA,NA,NA,NA,NA,NA,NA,NA,NA,NA,NA,NA,NA,NA,NA,NA,NA,NA,NA,NA,NA,NA,NA,NA,NA,NA,NA,NA,NA,NA,NA,1.9727524451185543
66,CO2,Rewetting,Lab,NA,NA,"Gwangneung Experimental Forest watershed, Kyung-Gi Province, South Korea",37.75,127.15,NA,Forest,Deciduous forest,NA,NA,Sandy loam,NA,3.1,0.1,4.15,4.1-4.2,NA,20,NA,NA,3.4,24,20.6,0.01 +/- 0.00 g CO2 m-2 h-1,0.30 +/- 0.07 g CO2 m-2 h-1,0.01,0.3,g CO2/m2/hr,1000,10,300,mg gas/m2/hr,2900,3000,NA,NA,NA,NA,NA,NA,"Kim et al., 2010","Kim, D.-G., Mu, S., Kang, S., Lee, D., 2010. Factors controlling soil CO2 effluxes and the effects of rewetting on effluxes in adjacent deciduous, coniferous, and mixed forests in Korea. Soil Biology and Biochemistry 42, 576-585. doi:10.1016/j.soilbio.2009.12.005",NA,NA,NA,NA,NA,NA,NA,NA,NA,NA,NA,NA,NA,NA,NA,NA,NA,NA,NA,NA,NA,NA,NA,NA,NA,NA,NA,NA,NA,NA,NA,NA,NA,NA,NA,NA,NA,3.4011973816621555
67,CO2,Rewetting,Lab,NA,NA,"Gwangneung Experimental Forest watershed, Kyung-Gi Province, South Korea",37.75,127.15,NA,Forest,Coniferous forest,NA,NA,Sandy loam,NA,3.1,0.11,4.15,4.1-4.2,NA,10,NA,NA,3.4,24.2,20.8,0.07 +/- 0.00 g CO2 m-2 h-1,0.15 +/- 0.03 g CO2 m-2 h-1,0.07,0.15,g CO2/m2/hr,1000,70,150,mg gas/m2/hr,114,214,NA,NA,NA,NA,NA,NA,"Kim et al., 2010","Kim, D.-G., Mu, S., Kang, S., Lee, D., 2010. Factors controlling soil CO2 effluxes and the effects of rewetting on effluxes in adjacent deciduous, coniferous, and mixed forests in Korea. Soil Biology and Biochemistry 42, 576-585. doi:10.1016/j.soilbio.2009.12.005",NA,NA,NA,NA,NA,NA,NA,NA,NA,NA,NA,NA,NA,NA,NA,NA,NA,NA,NA,NA,NA,NA,NA,NA,NA,NA,NA,NA,NA,NA,NA,NA,NA,NA,NA,NA,NA,0.7621400520468967
68,CO2,Rewetting,Lab,NA,NA,"Gwangneung Experimental Forest watershed, Kyung-Gi Province, South Korea",37.75,127.15,NA,Forest,Mixed forests,NA,NA,Sandy loam,NA,3.4,0.1,4.15,4.1-4.2,NA,4,NA,NA,3.4,24.6,21.2,0.02 +/- 0.00 g CO2 m-2 h-1,0.10 +/- 0.02 g CO2 m-2 h-1,0.02,0.1,g CO2/m2/hr,1000,20,100,mg gas/m2/hr,400,500,NA,NA,NA,NA,NA,NA,"Kim et al., 2010","Kim, D.-G., Mu, S., Kang, S., Lee, D., 2010. Factors controlling soil CO2 effluxes and the effects of rewetting on effluxes in adjacent deciduous, coniferous, and mixed forests in Korea. Soil Biology and Biochemistry 42, 576-585. doi:10.1016/j.soilbio.2009.12.005",NA,NA,NA,NA,NA,NA,NA,NA,NA,NA,NA,NA,NA,NA,NA,NA,NA,NA,NA,NA,NA,NA,NA,NA,NA,NA,NA,NA,NA,NA,NA,NA,NA,NA,NA,NA,NA,1.6094379124341003
69,CO2,Rewetting,Lab,NA,NA,"Fichtelgebirge, NE Bavaria, Germany",50.132,11.881,775,Forest,Norway spruce (Picea abies),5.3,1160,Haplic Podsol with a mor-like moder of 6Ð10cm thickness,NA,7.4,0.39,4.3,4.3,NA,15,NA,NA,-0.6 Mpa,-0.01 Mpa,NA,3.3 mg C kg-1 SOC h-1,7 mg C kg-1 SOC h-1*,3.3,7,mg C/kg/hr,3.6667,12.1,25.667,mg gas/kg/hr,112,112,NA,NA,NA,NA,NA,NA,"Muhr et al., 2010","Muhr, J., Franke, J., Borken, W., 2010. Drying-rewetting events reduce C and N losses from a Norway spruce forest floor. Soil Biology and Biochemistry 42, 1303-1312. doi:10.1016/j.soilbio.2010.03.024.",NA,NA,NA,NA,NA,NA,NA,NA,NA,NA,NA,NA,NA,NA,NA,NA,NA,NA,NA,NA,NA,NA,NA,NA,NA,NA,NA,NA,NA,NA,NA,NA,NA,NA,NA,NA,NA,0.7520006675115353
70,N2O,Rewetting,Field,NA,NA,"Kakuma,Turkana, Kenya",NA,NA,NA,Thornbush savanna,Thornbush savanna,30,302,Sandy-loamy endosodicalcaric Fluvisol,NA,0.53,0.04,8.6,8.6,NA,NA,NA,NA,NA,NA,NA,0.02 g N2O-N ha-1h-1,0.33 g N2O-N ha-1 h-1,0.02,0.33,g N/ha/hr,0.3143,0.006,0.10400000000000001,mg gas/m2/hr,1550,1550,NA,NA,NA,NA,NA,NA,"Wulf et al., 1999","Wulf, S., Lehmann, J., Zech, W., 1999. Emissions of nitrous oxide from runoff-irrigated and rainfed soils in semiarid north-west Kenya. Agriculture Ecosystems and Environment 72, 201-205. doi:10.1016/S0167-8809(98)00172-8",NA,NA,NA,NA,NA,NA,NA,NA,NA,NA,NA,NA,NA,NA,NA,NA,NA,NA,NA,NA,NA,NA,NA,NA,NA,NA,NA,NA,NA,NA,NA,NA,NA,NA,NA,NA,NA,2.852631429913318
71,N2O,Rewetting,Field,NA,NA,"Fichtelgebirge, Germany",50.132,11.881,700,Minerotrophic fen,"Agrostis sp., Nardus stricta,Molinia coerulea, etc.",5.4,1160,NA,NA,NA,NA,4.7,4.6-4.8,NA,NA,NA,NA,NA,NA,NA,below 2 _mol m_2 h_1,18Ð36 _mol m_2 h_1,2,27,µmol N2O/m2/hr,0.044,0.088,1.1880000000000002,mg gas/m2/hr,1250,800-1700,NA,NA,360,40,NA,NA,"Goldberg et al., 2010","Goldberg, S.D., Knorr, K.H., Blodau, C., Lischeid, G., Gebauer, G., 2010. Impact of altering the water table height of an acidic fen on N2O and NO fluxes and soil concentrations. Global Change Biology 16, 220-233. doi: 10.1111/j.1365-2486.2009.02015.x",NA,NA,NA,NA,NA,NA,NA,NA,NA,NA,NA,NA,NA,NA,NA,NA,NA,NA,NA,NA,NA,NA,NA,NA,NA,NA,NA,NA,NA,NA,NA,NA,NA,NA,NA,NA,NA,2.602689685444384
77,N2O,Rewetting,Field,NA,NA,"Cunderdin Agricultural College, Western Australia",-31.227,117.188,NA,Crop filed,"Lupin (Lupinus angustifolius), wheat (Triticum aestivum), canola (Brassica napus), barley (Hordeum vulgare)",18.25,368,"Natric Haploxeralf and Natrixeralf, silt 4%, clay 3%, sand 93%",1.4,0.98,0.076,6,6,NA,NA,NA,NA,NA,NA,NA,<1 g N2O-N ha-1 day-1,upto 7.3 g N2O-N ha-1 day-1 (N treatment) and 4.8 g N2O-N ha -1 day-1 (no treatment),1,7.3,g N/ha/day,0.0131,0.013000000000000001,0.096,mg gas/m2/hr,630,NA,NA,NA,NA,55,NA,NA,"Barton et al., 2008","Barton, L., Kiese, R., Gatter, D., Butterbach-Bahl, K., Buck, R., Hinz, C., Murphy, D.V., 2008. Nitrous oxide emissions from a cropped soil in a semi-arid climate. Global Change Biology 14, 177-192. doi: 10.1111/j.1365-2486.2007.01474.x.",NA,NA,NA,NA,NA,NA,NA,NA,NA,NA,NA,NA,NA,NA,NA,NA,NA,NA,NA,NA,NA,NA,NA,NA,NA,NA,NA,NA,NA,NA,NA,NA,NA,NA,NA,NA,NA,1.9993988340062994
80,N2O,Rewetting,Field,NA,NA,Nylsvley Nature Reserve,-24.65,28.7,NA,Semi-arid savanna,NA,NA,625,Sand,NA,NA,NA,4.6,4.1-5.1,NA,NA,NA,NA,NA,NA,NA,0.1-0.9 ng N N2O m-2 s-1,3.4-9.7 ng N N2O m-2 s-1,0.5,6.55,ng N/m2/s,0.0113,0.006,0.07400000000000001,mg gas/m2/hr,1210,NA,NA,3.5,3.5,NA,NA,NA,"Scholes et al., 1997","Scholes, M.C., Martin, R., Scholes, R.J., Parsons, D., Winstead, E., 1997. NO and N2O emissions from savanna soils following the first simulated rains of the season. Nutrient Cycling in Agroecosystems 48, 115-122. doi: 10.1023/A:1009781420199",NA,NA,NA,NA,NA,NA,NA,NA,NA,NA,NA,NA,NA,NA,NA,NA,NA,NA,NA,NA,NA,NA,NA,NA,NA,NA,NA,NA,NA,NA,NA,NA,NA,NA,NA,NA,NA,2.512305623976115
81,N2O,Rewetting,Field,Rainfall simulation,NA,"Chamela, Jalisco, Mexico",19.5,-105.05,NA,Pasture,Panicum maximum,24.9,NA,NA,NA,NA,NA,NA,NA,2 cm,NA,NA,NA,NA,NA,NA,0.3 ng cm-2 h-1,8 ng cm-2 h-1,0.3,8,ng N2O/cm2/hr,0.01,0.003,0.08,mg gas/m2/hr,2567,2567,NA,4,3.5,accounted for <2% of annual flux,NA,NA,"Garcia-Mendez et al., 1991","Garc’a-MŽndez, G., Maass, J.M., Matson, P.A., Vitousek, P.M., 1991. Nitrogen transformations and nitrous-oxide flux in a tropical deciduous forest in mexico. Oecologia 88, 362-366. doi: 10.1007/BF00317579",NA,NA,NA,NA,NA,NA,NA,NA,NA,NA,NA,NA,NA,NA,NA,NA,NA,NA,NA,NA,NA,NA,NA,NA,NA,NA,NA,NA,NA,NA,NA,NA,NA,NA,NA,NA,NA,3.283414346005772
82,N2O,Rewetting,Field,Rainfall simulation,NA,"Chamela, Jalisco, Mexico",19.5,-105.05,NA,Forest,NA,24.9,NA,NA,NA,NA,NA,NA,NA,2 cm,NA,NA,NA,NA,NA,NA,0.3 ng cm-2 h-1,12 ng cm-2 h-1,0.3,12,ng N2O/cm2/hr,0.01,0.003,0.12000000000000001,mg gas/m2/hr,3900,3900,NA,4,3.5,accounted for <2% of annual flux,NA,NA,"Garcia-Mendez et al., 1991","Garc’a-MŽndez, G., Maass, J.M., Matson, P.A., Vitousek, P.M., 1991. Nitrogen transformations and nitrous-oxide flux in a tropical deciduous forest in mexico. Oecologia 88, 362-366. doi: 10.1007/BF00317579",NA,NA,NA,NA,NA,NA,NA,NA,NA,NA,NA,NA,NA,NA,NA,NA,NA,NA,NA,NA,NA,NA,NA,NA,NA,NA,NA,NA,NA,NA,NA,NA,NA,NA,NA,NA,NA,3.6888794541139363
84,N2O,Rewetting,Field,Rainfall simulation,NA,"Chamela, Jalisco, Mexico",19.5,-105.05,NA,Forest,NA,24.9,748,"Rocky, infertile entisols derived from rhyolite",NA,NA,NA,7.1,7.1,2 cm,NA,NA,NA,NA,NA,NA,0.06 ng cm-2 h-1,50 ng cm-2 h-1,0.06,50,ng N2O/cm2/hr,0.01,0.001,0.5,mg gas/m2/hr,83233,83233,NA,NA,NA,NA,NA,NA,"Davidson et al., 1993","Davidson, E.A., Matson, P.A., Vitousek, P.M., Riley, R., Dunkin, K., Garciamendez, G., Maass, J.M., 1993. Processes regulating soil emissions of NO and N2O in a seasonally dry tropical forest. Ecology 74, 130-139. http://pangea.stanford.edu/research/matsonlab/members/PDF/DavidsonMatson1993_Ecology74.pdf",NA,NA,NA,NA,NA,NA,NA,NA,NA,NA,NA,NA,NA,NA,NA,NA,NA,NA,NA,NA,NA,NA,NA,NA,NA,NA,NA,NA,NA,NA,NA,NA,NA,NA,NA,NA,NA,6.214608098422191
85,N2O,Rewetting,Field,Biosphere 2,October 2002,"southeastern Arizona, USA",NA,NA,NA,Tropical forest_South chamber site,NA,25,1500,NA,NA,1.75,0.2,7-8,7-8,NA,NA,NA,NA,NA,NA,NA,5.1 _g N m-2 h-1,1558 _g N m-2 h-1,5.1,1558,µg N/m2/hr,0.0031,0.016,4.896999999999999,mg gas/m2/hr,30449,30449,NA,NA,NA,NA,NA,NA,"van Haren et al., 2005","van Haren, J.L.M., Handley, L.L., Biel, K.Y., Kudeyarov, V.N., McLain, J.E.T., Martens, D.A., Colodner, D.C., 2005. Drought-induced nitrous oxide flux dynamics in an enclosed tropical forest. Global Change Biology 11, 1247-1257. doi:10.1111/j.1365-2486.2005.00987.x.",NA,NA,NA,NA,NA,NA,NA,NA,NA,NA,NA,NA,NA,NA,NA,NA,NA,NA,NA,NA,NA,NA,NA,NA,NA,NA,NA,NA,NA,NA,NA,NA,NA,NA,NA,NA,NA,5.723789329462536
86,N2O,Rewetting,Field,Biosphere 2,April 2003,"southeastern Arizona, USA",NA,NA,NA,Tropical forest_South chamber site,NA,25,1500,NA,NA,1.75,0.2,7-8,7-8,NA,NA,NA,NA,NA,NA,NA,11.1 _g N m-2 h-1,231.8 _g N m-2 h-1,11.1,231.8,µg N/m2/hr,0.0031,0.034999999999999996,0.729,mg gas/m2/hr,1988,1988,NA,NA,NA,NA,NA,NA,"van Haren et al., 2005","van Haren, J.L.M., Handley, L.L., Biel, K.Y., Kudeyarov, V.N., McLain, J.E.T., Martens, D.A., Colodner, D.C., 2005. Drought-induced nitrous oxide flux dynamics in an enclosed tropical forest. Global Change Biology 11, 1247-1257. doi:10.1111/j.1365-2486.2005.00987.x.",NA,NA,NA,NA,NA,NA,NA,NA,NA,NA,NA,NA,NA,NA,NA,NA,NA,NA,NA,NA,NA,NA,NA,NA,NA,NA,NA,NA,NA,NA,NA,NA,NA,NA,NA,NA,NA,3.0363256705192443
87,N2O,Rewetting,Field,Biosphere 2,October 2002,"southeastern Arizona, USA",NA,NA,NA,Tropical forest_North chamber site,NA,25,1500,NA,NA,1.75,0.2,7-8,7-8,NA,NA,NA,NA,NA,NA,NA,24.6 _g N m-2 h-1,212.7 _g N m-2 h-1,24.6,212.7,µg N/m2/hr,0.0031,0.07700000000000001,0.6679999999999999,mg gas/m2/hr,765,765,NA,NA,NA,NA,NA,NA,"van Haren et al., 2005","van Haren, J.L.M., Handley, L.L., Biel, K.Y., Kudeyarov, V.N., McLain, J.E.T., Martens, D.A., Colodner, D.C., 2005. Drought-induced nitrous oxide flux dynamics in an enclosed tropical forest. Global Change Biology 11, 1247-1257. doi:10.1111/j.1365-2486.2005.00987.x.",NA,NA,NA,NA,NA,NA,NA,NA,NA,NA,NA,NA,NA,NA,NA,NA,NA,NA,NA,NA,NA,NA,NA,NA,NA,NA,NA,NA,NA,NA,NA,NA,NA,NA,NA,NA,NA,2.1604827516829617
88,N2O,Rewetting,Field,Biosphere 2,April 2003,"southeastern Arizona, USA",NA,NA,NA,Tropical forest_North chamber site,NA,25,1500,NA,NA,1.75,0.2,7-8,7-8,NA,NA,NA,NA,NA,NA,NA,21.2 _g N m-2 h-1,71.4 _g N m-2 h-1,21.6,71.4,µg N/m2/hr,0.0031,0.068,0.224,mg gas/m2/hr,231,237,NA,NA,NA,NA,NA,NA,"van Haren et al., 2005","van Haren, J.L.M., Handley, L.L., Biel, K.Y., Kudeyarov, V.N., McLain, J.E.T., Martens, D.A., Colodner, D.C., 2005. Drought-induced nitrous oxide flux dynamics in an enclosed tropical forest. Global Change Biology 11, 1247-1257. doi:10.1111/j.1365-2486.2005.00987.x.",NA,NA,NA,NA,NA,NA,NA,NA,NA,NA,NA,NA,NA,NA,NA,NA,NA,NA,NA,NA,NA,NA,NA,NA,NA,NA,NA,NA,NA,NA,NA,NA,NA,NA,NA,NA,NA,1.192138346678933
89,N2O,Rewetting,Field,Biosphere 2,January 2000,"southeastern Arizona, USA",NA,NA,NA,Tropical forest_whole-system N2O flux,NA,25,1500,NA,NA,1.75,0.2,7-8,7-8,NA,NA,NA,NA,NA,NA,NA,< 50 _g N m-2 h-1*,269.5 _g N m-2 h-1,50,269.5,µg N/m2/hr,0.0031,0.15700000000000003,0.8470000000000001,mg gas/m2/hr,439,439,NA,NA,NA,NA,NA,NA,"van Haren et al., 2005","van Haren, J.L.M., Handley, L.L., Biel, K.Y., Kudeyarov, V.N., McLain, J.E.T., Martens, D.A., Colodner, D.C., 2005. Drought-induced nitrous oxide flux dynamics in an enclosed tropical forest. Global Change Biology 11, 1247-1257. doi:10.1111/j.1365-2486.2005.00987.x.",NA,NA,NA,NA,NA,NA,NA,NA,NA,NA,NA,NA,NA,NA,NA,NA,NA,NA,NA,NA,NA,NA,NA,NA,NA,NA,NA,NA,NA,NA,NA,NA,NA,NA,NA,NA,NA,1.6854548893037462
90,N2O,Rewetting,Field,Biosphere 2,February 2000,"southeastern Arizona, USA",NA,NA,NA,Tropical forest_whole-system N2O flux,NA,25,1500,NA,NA,1.75,0.2,7-8,7-8,NA,NA,NA,NA,NA,NA,NA,< 50 _g N m-2 h-1*,237.8 _g N m-2 h-1,50,237.8,µg N/m2/hr,0.0031,0.15700000000000003,0.747,mg gas/m2/hr,376,376,NA,NA,NA,NA,NA,NA,"van Haren et al., 2005","van Haren, J.L.M., Handley, L.L., Biel, K.Y., Kudeyarov, V.N., McLain, J.E.T., Martens, D.A., Colodner, D.C., 2005. Drought-induced nitrous oxide flux dynamics in an enclosed tropical forest. Global Change Biology 11, 1247-1257. doi:10.1111/j.1365-2486.2005.00987.x.",NA,NA,NA,NA,NA,NA,NA,NA,NA,NA,NA,NA,NA,NA,NA,NA,NA,NA,NA,NA,NA,NA,NA,NA,NA,NA,NA,NA,NA,NA,NA,NA,NA,NA,NA,NA,NA,1.559819379784509
91,N2O,Rewetting,Field,Biosphere 2,October 2002,"southeastern Arizona, USA",NA,NA,NA,Tropical forest_whole-system N2O flux,NA,25,1500,NA,NA,1.75,0.2,7-8,7-8,NA,NA,NA,NA,NA,NA,NA,< 50 _g N m-2 h-1*,362.2 _g N m-2 h-1,50,362.2,µg N/m2/hr,0.0031,0.15700000000000003,1.1380000000000001,mg gas/m2/hr,624,624,NA,NA,NA,NA,NA,NA,"van Haren et al., 2005","van Haren, J.L.M., Handley, L.L., Biel, K.Y., Kudeyarov, V.N., McLain, J.E.T., Martens, D.A., Colodner, D.C., 2005. Drought-induced nitrous oxide flux dynamics in an enclosed tropical forest. Global Change Biology 11, 1247-1257. doi:10.1111/j.1365-2486.2005.00987.x.",NA,NA,NA,NA,NA,NA,NA,NA,NA,NA,NA,NA,NA,NA,NA,NA,NA,NA,NA,NA,NA,NA,NA,NA,NA,NA,NA,NA,NA,NA,NA,NA,NA,NA,NA,NA,NA,1.980781809337968
92,N2O,Rewetting,Field,Biosphere 2,April 2003,"southeastern Arizona, USA",NA,NA,NA,Tropical forest_whole-system N2O flux,NA,25,1500,NA,NA,1.75,0.2,7-8,7-8,NA,NA,NA,NA,NA,NA,NA,< 100 _g N m-2 h-1*,202 _g N m-2 h-1,100,202,µg N/m2/hr,0.0031,0.314,0.635,mg gas/m2/hr,102,102,NA,NA,NA,NA,NA,NA,"van Haren et al., 2005","van Haren, J.L.M., Handley, L.L., Biel, K.Y., Kudeyarov, V.N., McLain, J.E.T., Martens, D.A., Colodner, D.C., 2005. Drought-induced nitrous oxide flux dynamics in an enclosed tropical forest. Global Change Biology 11, 1247-1257. doi:10.1111/j.1365-2486.2005.00987.x.",NA,NA,NA,NA,NA,NA,NA,NA,NA,NA,NA,NA,NA,NA,NA,NA,NA,NA,NA,NA,NA,NA,NA,NA,NA,NA,NA,NA,NA,NA,NA,NA,NA,NA,NA,NA,NA,0.7042320129844383
93,N2O,Rewetting,Field,NA,Mar-98,"Massey Creek site, Atherton Tablelands,Queensland, Australia",NA,NA,NA,Tropical forest,Simple notophyll vine forest,20.1,2350,Kandihumlt,0.69,5.175,NA,5.5,5.5,NA,NA,NA,NA,WFPS: 38%,WFPS: 50%,WFPS:12%,60  _g N m-2 h-1*,230  _g N m-2 h-1,60,230,µg N/m2/hr,0.0031,0.189,0.723,mg gas/m2/hr,283,283,NA,24,24,NA,NA,NA,Breuer et al. 2000,"Breuer, L., Papen, H., Butterbach-Bahl, K., 2000. N2O emission from tropical forest soils of Australia. J. Geophys. Res. 105, 26353-26367. doi:10.1029/2000jd900424.",NA,NA,NA,NA,NA,NA,NA,NA,NA,NA,NA,NA,NA,NA,NA,NA,NA,NA,NA,NA,NA,NA,NA,NA,NA,NA,NA,NA,NA,NA,NA,NA,NA,NA,NA,NA,NA,1.3416622070991222
94,N2O,Rewetting,Field,NA,NA,"close to the village of Bellenden Ker, Queensland, Australia",-17.267,145.9,80,Tropical forest,a complex mesophyll vine forest,24.3,4360,Ustochrept derived from granite,NA,3.1,NA,4.1,4.1,NA,NA,NA,NA,NA,NA,NA,<7 mg N m-2 h-1,>50 mg N m-2 h-1*,7,50,mg N/m2/hr,3.1429,22,157.14299999999997,mg gas/m2/hr,614,NA,NA,NA,NA,NA,NA,NA,"Butterbach-Bahl et al., 2004","Butterbach-Bahl, K., Kock, M., Willibald, G., Hewett, B., Buhagiar, S., Papen, H., Kiese, R., 2004. Temporal variations of fluxes of NO, NO2, N2O, CO2, and CH4 in a tropical rain forest ecosystem. Global Biogeochemical Cycles 18, GB3012. doi:10.1029/2004GB002243.",NA,NA,NA,NA,NA,NA,NA,NA,NA,NA,NA,NA,NA,NA,NA,NA,NA,NA,NA,NA,NA,NA,NA,NA,NA,NA,NA,NA,NA,NA,NA,NA,NA,NA,NA,NA,NA,1.9661137654633285
98,N2O,Rewetting,Field,Rainfall simulation,NA,"San Dimas Experimental Forest, Angeles National Forest (San Gabriel Mountains), California, USA",NA,NA,NA,Chaparral ecosystem_burned,"Ceanothus crassifolius, Quercus dumosa (scrub oak), and Adenostoma fasciculatum (chamise)",NA,NA,NA,NA,NA,NA,NA,NA,13 - 25 mm,NA,NA,NA,NA,NA,NA,<1.6  ng N m-2 s-1,69.3  ng N m-2 s-1,1.6,69.3,ng N/m2/s,0.0113,0.018000000000000002,0.7839999999999999,mg gas/m2/hr,4231,3694,NA,24,216,NA,NA,NA,"Anderson et al., 1988","Anderson, I.C., Levine, J.S., Poth, M.A., Riggan, P.J., 1988. Enhanced biogenic emissions of nitric oxide and nitrous oxide following surface biomass burning. Journal of Geophysical Research-Atmospheres 93, 3893-3898. doi: 10.1029/JD093iD04p03893",NA,NA,NA,NA,NA,NA,NA,NA,NA,NA,NA,NA,NA,NA,NA,NA,NA,NA,NA,NA,NA,NA,NA,NA,NA,NA,NA,NA,NA,NA,NA,NA,NA,NA,NA,NA,NA,3.7740372624542426
99,N2O,Rewetting,Field,Rainfall simulation,NA,"Kite Camp Research Area of the Waggoner Ranch in the Red River Valley of North Texas, USA",33.833,-99.033,NA,Savanna (under canopy),Wood plant (P. glandulosa) and C3 grasses,17,640,clay loam: sand 31% and clay 24%,1.22,1,0.18,6.4,6.4,30 mm,NA,NA,NA,NA,NA,NA,< 0.1 ng N m-2 s-1*,1.2 ng N m-2 s-1,0.1,1.2,ng N/m2/s,0.0113,0.001,0.014,mg gas/m2/hr,1100,1100,NA,1.3,NA,NA,NA,NA,"Martin et al., 2003","Martin, R.E., Asner, G.P., Ansley, R.J., Mosier, A.R., 2003. Effects of woody vegetation encroachment on soil nitrogen oxide emissions in a temperate savanna. Ecological Applications 13, 897-910.",NA,NA,NA,NA,NA,NA,NA,NA,NA,NA,NA,NA,NA,NA,NA,NA,NA,NA,NA,NA,NA,NA,NA,NA,NA,NA,NA,NA,NA,NA,NA,NA,NA,NA,NA,NA,NA,2.6390573296152584
100,N2O,Rewetting,Field,Rainfall simulation,NA,"Kite Camp Research Area of the Waggoner Ranch in the Red River Valley of North Texas, USA",33.833,-99.033,NA,Savanna (outside canopy),Wood plant (P. glandulosa) and C3 grasses,17,640,clay loam: sand 31% and clay 24%,1.22,1,0.18,6.4,6.4,30 mm,NA,NA,NA,NA,NA,NA,< 0.1 ng N m-2 s-1*,2.0 ng N m-2 s-1,0.1,2,ng N/m2/s,0.0113,0.001,0.023,mg gas/m2/hr,1900,1900,NA,1.3,NA,NA,NA,NA,"Martin et al., 2003","Martin, R.E., Asner, G.P., Ansley, R.J., Mosier, A.R., 2003. Effects of woody vegetation encroachment on soil nitrogen oxide emissions in a temperate savanna. Ecological Applications 13, 897-910.",NA,NA,NA,NA,NA,NA,NA,NA,NA,NA,NA,NA,NA,NA,NA,NA,NA,NA,NA,NA,NA,NA,NA,NA,NA,NA,NA,NA,NA,NA,NA,NA,NA,NA,NA,NA,NA,3.1354942159291497
101,N2O,Rewetting,Field,Rainfall simulation,NA,"Kite Camp Research Area of the Waggoner Ranch in the Red River Valley of North Texas, USA",33.833,-99.033,NA,Savanna,Wood plant (P. glandulosa) and C3 grasses,17,640,shallow clay: sand 31% and clay 24%,1.22,1,0.18,6.4,6.4,30 mm,NA,NA,NA,NA,NA,NA,< 0.1 ng N m-2 s-1*,3.8 ng N m-2 s-1,0.1,3.8,ng N/m2/s,0.0113,0.001,0.043000000000000003,mg gas/m2/hr,3700,3700,NA,6,NA,NA,NA,NA,"Martin et al., 2003","Martin, R.E., Asner, G.P., Ansley, R.J., Mosier, A.R., 2003. Effects of woody vegetation encroachment on soil nitrogen oxide emissions in a temperate savanna. Ecological Applications 13, 897-910.",NA,NA,NA,NA,NA,NA,NA,NA,NA,NA,NA,NA,NA,NA,NA,NA,NA,NA,NA,NA,NA,NA,NA,NA,NA,NA,NA,NA,NA,NA,NA,NA,NA,NA,NA,NA,NA,3.7612001156935624
102,N2O,Rewetting,Field,Rainfall simulation,NA,"Nylsvley Nature Reserve, 220 km north of Johannesburg, South Africa",-24.65,28.7,NA,semi-arid savanna,NA,NA,625,"Sandy; sand 83.2% , clay 4.5%",NA,1.09,0.06,4.1,4.1,NA,NA,NA,NA,1.2,12,10.8,0.5 ng N m-2 s-1*,5 ng N m-2 s-1*,0.5,5,ng N/m2/s,0.0113,0.006,0.057,mg gas/m2/hr,900,900,NA,3.5,50,NA,NA,NA,"Scholes et al., 1997","Scholes, M.C., Martin, R., Scholes, R.J., Parsons, D., Winstead, E., 1997. NO and N2O emissions from savanna soils following the first simulated rains of the season. Nutrient Cycling in Agroecosystems 48, 115-122. doi: 10.1023/A:1009781420199",NA,NA,NA,NA,NA,NA,NA,NA,NA,NA,NA,NA,NA,NA,NA,NA,NA,NA,NA,NA,NA,NA,NA,NA,NA,NA,NA,NA,NA,NA,NA,NA,NA,NA,NA,NA,NA,2.2512917986064953
103,N2O,Rewetting,Field,Rainfall simulation,NA,"Nylsvley Nature Reserve, 220 km north of Johannesburg, South Africa",-24.65,28.7,NA,semi-arid savanna,NA,NA,625,"Sandy: sand 91.9%, clay 3.0%",NA,1.42,0.16,5.1,5.1,NA,NA,NA,NA,1.2,12,10.8,0.5 ng N m-2 s-1*,5 ng N m-2 s-1*,0.5,5,ng N/m2/s,0.0113,0.006,0.057,mg gas/m2/hr,900,900,NA,3.5,50,NA,NA,NA,"Scholes et al., 1997","Scholes, M.C., Martin, R., Scholes, R.J., Parsons, D., Winstead, E., 1997. NO and N2O emissions from savanna soils following the first simulated rains of the season. Nutrient Cycling in Agroecosystems 48, 115-122. doi: 10.1023/A:1009781420199",NA,NA,NA,NA,NA,NA,NA,NA,NA,NA,NA,NA,NA,NA,NA,NA,NA,NA,NA,NA,NA,NA,NA,NA,NA,NA,NA,NA,NA,NA,NA,NA,NA,NA,NA,NA,NA,2.2512917986064953
104,N2O,Rewetting,Field,NA,1995 dry season,"International Rice Research Institute, Los Ba–os, Philippines",NA,NA,NA,Rice paddy,Rice,NA,NA,Maahas clay,NA,NA,0.12,7,7,Rainfall,NA,NA,NA,NA,NA,NA,<2 mg N2O-N m-2 d-1,9 mg N2O-N m-2 d-1,2,9,mg N/m2/day,0.131,0.262,1.179,mg gas/m2/hr,350,350,NA,NA,NA,NA,NA,NA,"Abao et al., 2000","Abao, E.B., Bronson, K.F., Wassmann, R., Singh, U., 2000. Simultaneous records of methane and nitrous oxide emissions in rice-based cropping systems under rainfed conditions. Nutr. Cycl. Agroecosyst. 58, 131-139.",NA,NA,NA,NA,NA,NA,NA,NA,NA,NA,NA,NA,NA,NA,NA,NA,NA,NA,NA,NA,NA,NA,NA,NA,NA,NA,NA,NA,NA,NA,NA,NA,NA,NA,NA,NA,NA,1.5040773967762742
105,N2O,Rewetting,Field,NA,1995 wet season,"International Rice Research Institute, Los Ba–os, Philippines",NA,NA,NA,Rice paddy,Rice,NA,NA,Maahas clay,NA,NA,0.12,7,7,Rainfall,NA,NA,NA,NA,NA,NA,<2 mg N2O-N m-2 d-1,8 mg N2O-N m-2 d-1,2,8,mg N/m2/day,0.131,0.262,1.048,mg gas/m2/hr,300,300,NA,NA,NA,NA,NA,NA,"Abao et al., 2000","Abao, E.B., Bronson, K.F., Wassmann, R., Singh, U., 2000. Simultaneous records of methane and nitrous oxide emissions in rice-based cropping systems under rainfed conditions. Nutr. Cycl. Agroecosyst. 58, 131-139.",NA,NA,NA,NA,NA,NA,NA,NA,NA,NA,NA,NA,NA,NA,NA,NA,NA,NA,NA,NA,NA,NA,NA,NA,NA,NA,NA,NA,NA,NA,NA,NA,NA,NA,NA,NA,NA,1.3862943611198906
106,N2O,Rewetting,Field,NA,1996 dry season,"International Rice Research Institute, Los Ba–os, Philippines",NA,NA,NA,Rice paddy,Rice,NA,NA,Maahas clay,NA,NA,0.12,7,7,Rainfall: 30 mm,NA,NA,NA,NA,NA,NA,<2 mg N2O-N m-2 d-1,16 mg N2O-N m-2 d-1,2,16,mg N/m2/day,0.131,0.262,2.0949999999999998,mg gas/m2/hr,700,700,NA,NA,NA,NA,NA,NA,"Abao et al., 2000","Abao, E.B., Bronson, K.F., Wassmann, R., Singh, U., 2000. Simultaneous records of methane and nitrous oxide emissions in rice-based cropping systems under rainfed conditions. Nutr. Cycl. Agroecosyst. 58, 131-139.",NA,NA,NA,NA,NA,NA,NA,NA,NA,NA,NA,NA,NA,NA,NA,NA,NA,NA,NA,NA,NA,NA,NA,NA,NA,NA,NA,NA,NA,NA,NA,NA,NA,NA,NA,NA,NA,2.078964328595141
112,N2O,Rewetting,Lab,NA,NA,NA,NA,NA,NA,Cropland,NA,NA,NA,Silty clay,NA,3.3,NA,7.4,7.4,NA,NA,NA,NA,60% water holding capacity,120% water holding capacity,60,13.81 ug N2O-N kg-1 h-1,4477 ug N2O-N kg-1 h-1,13.81,4477,µg N/kg/hr,0.0031,0.043000000000000003,14.071,mg gas/kg/hr,32319,NA,NA,NA,NA,NA,NA,NA,"HŸtsch et al., 1999","HŸtsch, B.W., Wang, X.Z., Feng, K., Yan, F., Schubert, S., 1999. Nitrous oxide emission as affected by changes in soil water content and nitrogen fertilization. Journal of Plant Nutrition and Soil Science 162, 607-613.",NA,NA,NA,NA,NA,NA,NA,NA,NA,NA,NA,NA,NA,NA,NA,NA,NA,NA,NA,NA,NA,NA,NA,NA,NA,NA,NA,NA,NA,NA,NA,NA,NA,NA,NA,NA,NA,5.7906711050946935
114,N2O,Rewetting,Lab,NA,NA,"Tokyo, Japan",NA,NA,NA,Grassland,"Sorghum bicolor (L.) Moench, sorghum sudanense (Piper)",NA,NA,Loam to clay loam,0.59,7.03,0.55,5.4,5.4,NA,NA,NA,NA,NA,WFPS: 83%,NA,< 50 _g N m_2 h_1*,1150 _g N m_2 h_1*,50,1150,µg N/m2/hr,0.0031,0.15700000000000003,3.614,mg gas/m2/hr,2200,NA,NA,6,NA,NA,NA,NA,"Yanai et al., 2007","Yanai, Y., Toyota, K., Okazaki, M., 2007. Effects of charcoal addition on N2O emissions from soil resulting from rewetting air-dried soil in short-term laboratory experiments. Soil Science and Plant Nutrition 53, 181-188. doi: 10.1111/j.1747-0765.2007.00123.x",NA,NA,NA,NA,NA,NA,NA,NA,NA,NA,NA,NA,NA,NA,NA,NA,NA,NA,NA,NA,NA,NA,NA,NA,NA,NA,NA,NA,NA,NA,NA,NA,NA,NA,NA,NA,NA,3.1363246658038655
115,N2O,Rewetting,Lab,NA,NA,"Tokyo, Japan",NA,NA,NA,Grassland,"Sorghum bicolor (L.) Moench, sorghum sudanense (Piper)",NA,NA,Loam to clay loam,0.59,7.03,0.55,5.4,5.4,NA,NA,NA,NA,NA,WFPS: 73%,NA,< 50 _g N m_2 h_1*,850 _g N m_2 h_1*,50,850,µg N/m2/hr,0.0031,0.15700000000000003,2.671,mg gas/m2/hr,1600,NA,NA,6,NA,NA,NA,NA,"Yanai et al., 2007","Yanai, Y., Toyota, K., Okazaki, M., 2007. Effects of charcoal addition on N2O emissions from soil resulting from rewetting air-dried soil in short-term laboratory experiments. Soil Science and Plant Nutrition 53, 181-188. doi: 10.1111/j.1747-0765.2007.00123.x",NA,NA,NA,NA,NA,NA,NA,NA,NA,NA,NA,NA,NA,NA,NA,NA,NA,NA,NA,NA,NA,NA,NA,NA,NA,NA,NA,NA,NA,NA,NA,NA,NA,NA,NA,NA,NA,2.8339624077616525
116,N2O,Rewetting,Lab,NA,NA,"Tokyo, Japan",NA,NA,NA,Grassland,"Sorghum bicolor (L.) Moench, sorghum sudanense (Piper)",NA,NA,Loam to clay loam,0.58,6.96,0.56,6,6,NA,NA,NA,NA,NA,WFPS: 73%,NA,< 50 _g N m_2 h_1*,2620 _g N m_2 h_1,50,2620,µg N/m2/hr,0.0031,0.15700000000000003,8.233999999999998,mg gas/m2/hr,5140,NA,NA,30,NA,NA,NA,NA,"Yanai et al., 2007","Yanai, Y., Toyota, K., Okazaki, M., 2007. Effects of charcoal addition on N2O emissions from soil resulting from rewetting air-dried soil in short-term laboratory experiments. Soil Science and Plant Nutrition 53, 181-188. doi: 10.1111/j.1747-0765.2007.00123.x",NA,NA,NA,NA,NA,NA,NA,NA,NA,NA,NA,NA,NA,NA,NA,NA,NA,NA,NA,NA,NA,NA,NA,NA,NA,NA,NA,NA,NA,NA,NA,NA,NA,NA,NA,NA,NA,3.9597813969815414
117,N2O,Rewetting,Lab,NA,NA,"Ottawa, ON, Canada",45.367,-75.717,NA,Cropland,Maize (Zea mays L.),NA,NA,"33% clay, 31% silt and 36% sand",1.01,2.45,0.19,7.4,7.4,NA,NA,NA,NA,WFPS:7,WFPS:45,38,<0.01 mg N2O-N kg-1 d-1,13 mg N2O-N kg-1 d-1,0.01,13,mg N/kg/day,0.131,0.001,1.702,mg gas/kg/hr,129900,129900,NA,NA,72,NA,NA,NA,"Beare et al., 2009","Beare, M.H., Gregorich, E.G., St-Georges, P., 2009. Compaction effects on CO2 and N2O production during drying and rewetting of soil. Soil Biology and Biochemistry 41, 611-621. doi:10.1016/j.soilbio.2008.12.024",NA,NA,NA,NA,NA,NA,NA,NA,NA,NA,NA,NA,NA,NA,NA,NA,NA,NA,NA,NA,NA,NA,NA,NA,NA,NA,NA,NA,NA,NA,NA,NA,NA,NA,NA,NA,NA,7.43955930913332
118,N2O,Rewetting,Lab,NA,NA,"Ottawa, ON, Canada",45.367,-75.717,NA,Cropland,Maize (Zea mays L.),NA,NA,"33% clay, 31% silt and 36% sand",1.49,2.45,0.19,7.4,7.4,NA,NA,NA,NA,WFPS:14,WFPS:77,63,0.22 mg N2O-N kg-1 d-1,259 mg N2ON kg-1 d-1,0.22,259,mg N/kg/day,0.131,0.028999999999999998,33.916999999999994,mg gas/kg/hr,117627,117627,NA,NA,72,NA,NA,NA,"Beare et al., 2009","Beare, M.H., Gregorich, E.G., St-Georges, P., 2009. Compaction effects on CO2 and N2O production during drying and rewetting of soil. Soil Biology and Biochemistry 41, 611-621. doi:10.1016/j.soilbio.2008.12.024",NA,NA,NA,NA,NA,NA,NA,NA,NA,NA,NA,NA,NA,NA,NA,NA,NA,NA,NA,NA,NA,NA,NA,NA,NA,NA,NA,NA,NA,NA,NA,NA,NA,NA,NA,NA,NA,7.064375812611791
119,N2O,Rewetting,Lab,NA,NA,"Kifu Forest Research station, Mukono district, Central Uganda",0.8,32.767,NA,Agroforest,Caliandra calothyrsus trees,NA,1240,"Clay loam (57% clay, 14% silt, and 29% sand)",NA,NA,NA,NA,NA,NA,25,NA,NA,4,50,45,0.5 ug N m-2 h-1,2100 ug N m-2 h-1,0.5,2100,µg N/kg/hr,0.0031,0.002,6.6,mg gas/kg/hr,419900,439700,NA,NA,192,NA,NA,NA,"Dick et al., 2001","Dick, J., Skiba, U., Wilson, J., 2001. The effect of rainfall on NO and N2O emissions from Ugandan agroforest soils. Phyton-Annales Rei Botanicae 41, 73-80.",NA,NA,NA,NA,NA,NA,NA,NA,NA,NA,NA,NA,NA,NA,NA,NA,NA,NA,NA,NA,NA,NA,NA,NA,NA,NA,NA,NA,NA,NA,NA,NA,NA,NA,NA,NA,NA,8.101677747454572
120,N2O,Rewetting,Lab,NA,NA,"Kifu Forest Research station, Mukono district, Central Uganda",0.8,32.767,NA,Agroforest,Grevillea robusta trees,NA,1240,"Clay loam (57% clay, 14% silt, and 29% sand)",NA,NA,NA,NA,NA,NA,25,NA,NA,4,50,45,0.5 ug N m-2 h-1,21 ug N m-2 h-1,0.5,21,µg N/kg/hr,0.0031,0.002,0.066,mg gas/kg/hr,4100,4100,NA,NA,192,NA,NA,NA,"Dick et al., 2001","Dick, J., Skiba, U., Wilson, J., 2001. The effect of rainfall on NO and N2O emissions from Ugandan agroforest soils. Phyton-Annales Rei Botanicae 41, 73-80.",NA,NA,NA,NA,NA,NA,NA,NA,NA,NA,NA,NA,NA,NA,NA,NA,NA,NA,NA,NA,NA,NA,NA,NA,NA,NA,NA,NA,NA,NA,NA,NA,NA,NA,NA,NA,NA,3.4965075614664802
121,N2O,Rewetting,Lab,NA,NA,"Xilin River catchment, Inner Mongolia, China",NA,NA,NA,Typical steppe,L. chinensis and Stipagrandis,0.8,330,sandy loam,1.305,1.685,0.165,6.45,6.1-6.8,NA,5,NA,NA,2.0-8.0 WFPS,NA,NA,< 1 ug N m-2 h-1,10 ug N m-2 h-1,1,10,µg N/m2/hr,0.0031,0.003,0.031,mg gas/m2/hr,900,900,NA,NA,NA,NA,NA,NA,"Yao et al., 2010","Yao, Z., Wu, X., Wolf, B., Dannenmann, M., Butterbach-Bahl, K., BrŸggemann, N., Chen, W., Zheng, X., 2010. Soil-atmosphere exchange potential of NO and N2O in different land use types of Inner Mongolia as affected by soil temperature, soil moisture, freeze-thaw, and drying-wetting events. J. Geophys. Res. 115, D17116. doi:10.1029/2009jd013528.",NA,NA,NA,NA,NA,NA,NA,NA,NA,NA,NA,NA,NA,NA,NA,NA,NA,NA,NA,NA,NA,NA,NA,NA,NA,NA,NA,NA,NA,NA,NA,NA,NA,NA,NA,NA,NA,2.3353749158170367
122,N2O,Rewetting,Lab,NA,NA,"Xilin River catchment, Inner Mongolia, China",NA,NA,NA,Mountain meadow,NA,0.8,330,sandy loam,1,4.5,0.39,5.45,5.0-5.9,NA,5,NA,NA,2.0-8.0 WFPS,NA,NA,< 1 ug N m-2 h-1,14 ug N m-2 h-1,1,14,µg N/m2/hr,0.0031,0.003,0.044,mg gas/m2/hr,1300,1300,NA,NA,NA,NA,NA,NA,"Yao et al., 2010","Yao, Z., Wu, X., Wolf, B., Dannenmann, M., Butterbach-Bahl, K., BrŸggemann, N., Chen, W., Zheng, X., 2010. Soil-atmosphere exchange potential of NO and N2O in different land use types of Inner Mongolia as affected by soil temperature, soil moisture, freeze-thaw, and drying-wetting events. J. Geophys. Res. 115, D17116. doi:10.1029/2009jd013528.",NA,NA,NA,NA,NA,NA,NA,NA,NA,NA,NA,NA,NA,NA,NA,NA,NA,NA,NA,NA,NA,NA,NA,NA,NA,NA,NA,NA,NA,NA,NA,NA,NA,NA,NA,NA,NA,2.6855773452501515
123,N2O,Rewetting,Lab,NA,NA,"Bandia, Senegal, Africa",14.417,-16.967,NA,Forest,Acacia raddiana,25.8,375,Vertisol,NA,1.2,NA,6.7,6.7,20,25,20,NA,NA,NA,NA,2.5 ng N g-1 h-1*,10 ng N g-1 h-1*,2.5,10,ng N/g/hr,0.0031,0.008,0.031,mg gas/kg/hr,300,NA,NA,NA,96,NA,NA,NA,"Dick et al., 2006","Dick, J., Skiba, U., Munro, R., Deans, D., 2006. Effect of N-fixing and non N-fixing trees and crops on NO and N2O emissions from Senegalese soils. Journal of Biogeography 33, 416-423.",NA,NA,NA,NA,NA,NA,NA,NA,NA,NA,NA,NA,NA,NA,NA,NA,NA,NA,NA,NA,NA,NA,NA,NA,NA,NA,NA,NA,NA,NA,NA,NA,NA,NA,NA,NA,NA,1.3545456628053103
224,CH4,Thawing,Field,NA,NA,NA,NA,NA,NA,Subarctic mire,NA,NA,NA,NA,NA,NA,NA,NA,NA,NA,NA,NA,NA,NA,NA,NA,2.6 mg m-2 d-1,22.5 mg m-2 d-1,2.6,22.5,mg CH4/m2/day,0.0417,0.10800000000000001,0.9380000000000001,mg gas/m2/hr,765,765,NA,NA,NA,NA,NA,NA,"Friborg et al., 1997","Friborg, T., Christensen, T.R., Sogaard, H., 1997. Rapid response of greenhouse gas emission to early spring thaw in a subarctic mire as shown by micrometeorological techniques. Geophysical Research Letters 24, 3061-3064. doi:10.1029/97GL03024.",NA,NA,NA,NA,NA,NA,NA,NA,NA,NA,NA,NA,NA,NA,NA,NA,NA,NA,NA,NA,NA,NA,NA,NA,NA,NA,NA,NA,NA,NA,NA,NA,NA,NA,NA,NA,NA,2.161618721882005
226,CH4,Thawing,Field,NA,NA,"Sanjiang Plain, China",47.583,133.517,NA,Freshwater marsh,Carex Lasiocarpa,NA,NA,NA,0.35,32.2,1.47,NA,NA,NA,NA,NA,NA,NA,NA,NA,6 mg m-2 h-1*,11 mg m-2 h-1*,6,11,mg CH4/m2/hr,1,6,11,mg gas/m2/hr,83,83,NA,NA,NA,NA,NA,NA,"Song et al., 2006","Song, C., Wang, Y., Zhao, Z., 2006. Emission of CO2, CH4 and N2O from freshwater marsh during freezeÐthaw period in Northeast of China. Atmospheric Environment 40, 6879-6885. doi:10.1016/j.atmosenv.2005.08.028.",NA,NA,NA,NA,NA,NA,NA,NA,NA,NA,NA,NA,NA,NA,NA,NA,NA,NA,NA,NA,NA,NA,NA,NA,NA,NA,NA,NA,NA,NA,NA,NA,NA,NA,NA,NA,NA,0.6061358035703155
227,CH4,Thawing,Field,NA,NA,"Sanjiang Plain, China",47.583,133.517,NA,Meadow,Deyeuxia platyphylla,NA,NA,NA,0.56,14.81,0.95,NA,NA,NA,NA,NA,NA,NA,NA,NA,6 mg m-2 h-1*,8 mg m-2 h-1*,6,8,mg CH4/m2/hr,1,6,8,mg gas/m2/hr,33,33,NA,NA,NA,NA,NA,NA,"Song et al., 2006","Song, C., Wang, Y., Zhao, Z., 2006. Emission of CO2, CH4 and N2O from freshwater marsh during freezeÐthaw period in Northeast of China. Atmospheric Environment 40, 6879-6885. doi:10.1016/j.atmosenv.2005.08.028.",NA,NA,NA,NA,NA,NA,NA,NA,NA,NA,NA,NA,NA,NA,NA,NA,NA,NA,NA,NA,NA,NA,NA,NA,NA,NA,NA,NA,NA,NA,NA,NA,NA,NA,NA,NA,NA,0.28768207245178085
228,CH4,Thawing,Field,NA,NA,"Stordalen Mire, Abisko, Sweden",68.35,19.033,NA,Mire,"Moss, lichens, sedges, dwarf, shrubs",NA,NA,NA,NA,NA,NA,5,5,NA,NA,NA,NA,NA,NA,NA,2.6 mg m-2 d-1,22.5 mg m-2 d-1,2.6,22.5,mg CH4/m2/day,0.0417,0.10800000000000001,0.9380000000000001,mg gas/m2/hr,765,765,NA,NA,NA,NA,NA,NA,"Friborg et al., 1997","Friborg, T., Christensen, T.R., Sogaard, H., 1997. Rapid response of greenhouse gas emission to early spring thaw in a subarctic mire as shown by micrometeorological techniques. Geophysical Research Letters 24, 3061-3064. doi:10.1029/97GL03024.",NA,NA,NA,NA,NA,NA,NA,NA,NA,NA,NA,NA,NA,NA,NA,NA,NA,NA,NA,NA,NA,NA,NA,NA,NA,NA,NA,NA,NA,NA,NA,NA,NA,NA,NA,NA,NA,2.161618721882005
230,CH4,Thawing,Field,NA,NA,"Cherskii, Far-Eastern Federal District, Russia",69.613,160.525,NA,arctic wet tundra ecosystem,vascular plants,NA,NA,NA,NA,NA,NA,NA,NA,NA,NA,NA,NA,NA,NA,NA,100 mg C mÐ2 dayÐ1*,600 mg C mÐ2 dayÐ1*,100,600,mg C/m2/day,0.0556,5.556,33.333,mg gas/m2/hr,500,500,NA,NA,NA,NA,NA,NA,Merbold et al. 2009,"Merbold, L., Kutsch, W.L., Corradi, C., Kolle, O., Rebmann, C., Stoy, P.C., Zimov, S.A., Schulze, E.D., 2009. Artificial drainage and associated carbon fluxes (CO2/CH4) in a tundra ecosystem. Global Change Biology 15, 2599-2614.doi: 10.1111/j.1365-2486.2009.01962.x",NA,NA,NA,NA,NA,NA,NA,NA,NA,NA,NA,NA,NA,NA,NA,NA,NA,NA,NA,NA,NA,NA,NA,NA,NA,NA,NA,NA,NA,NA,NA,NA,NA,NA,NA,NA,NA,1.791669472377884
235,CO2,Thawing,Field,NA,NA,"Niwot Ridge, Colorado, USA",40.05,-105.583,NA,Alpine tundra,"Gramminoid Kobresia myosuroides, forb Acomostylis rossii, gramminoid Deschampsia caespitosa, A. rossii and D. caespitosa, with patchy occurrence of K. myosuroides",-3,1050,NA,NA,NA,NA,4.8,4.6 to 5.0,NA,NA,NA,NA,NA,NA,NA,16.4 mg C m-2 d-1,873.6 mg C m-2 d-1,16.4,873.6,mg C/m2/day,0.1528,2.506,133.467,mg gas/m2/hr,5227,5227,NA,NA,NA,NA,NA,NA,"Brooks et al., 1997","Brooks, P., Schmidt, S., Williams, M., 1997. Winter production of CO2 and N2O from alpine tundra: Environmental controls and relationship to inter-system C and N fluxes. Oecologia 110, 403-413.",NA,NA,NA,NA,NA,NA,NA,NA,NA,NA,NA,NA,NA,NA,NA,NA,NA,NA,NA,NA,NA,NA,NA,NA,NA,NA,NA,NA,NA,NA,NA,NA,NA,NA,NA,NA,NA,3.975166399798458
236,CO2,Thawing,Field,NA,2005,"South Bavaria, Germany",48.5,11.183,NA,Forest,Norway spruce (Picea abies),7.6,850,Typic Hapludalf,0.1975,2.25,NA,3.05,"Organic layer:2.9-3.2, A horizon: 3.6-4.0",NA,NA,NA,NA,NA,NA,NA,< 50 mg C m-2 h-1*,129.2 mg C m-2 h-1,50,129.2,mg C/m2/day,0.1528,7.639,19.739,mg gas/m2/hr,158,158,NA,NA,NA,NA,NA,NA,"Wu et al., 2010","Wu, X., BrŸggemann, N., Gasche, R., Shen, Z., Wolf, B., Butterbach-Bahl, K., 2010. Environmental controls over soil-atmosphere exchange of N2O, NO, and CO2 in a temperate Norway spruce forest. Global Biogeochem. Cycles 24, GB2012. doi:10.1029/2009gb003616.",NA,NA,NA,NA,NA,NA,NA,NA,NA,NA,NA,NA,NA,NA,NA,NA,NA,NA,NA,NA,NA,NA,NA,NA,NA,NA,NA,NA,NA,NA,NA,NA,NA,NA,NA,NA,NA,0.9493296696016278
237,CO2,Thawing,Field,NA,2006,"South Bavaria, Germany",48.5,11.183,NA,Forest,Norway spruce (Picea abies),7.6,850,Typic Hapludalf,0.1975,2.25,NA,3.05,"Organic layer:2.9-3.2, A horizon: 3.6-4.0",NA,NA,NA,NA,NA,NA,NA,< 50 mg C m-2 h-1*,151.3 mg C m-2 h-1,50,151.3,mg C/m2/hr,3.6667,183.333,554.7669999999999,mg gas/m2/hr,203,203,NA,NA,NA,NA,NA,NA,"Wu et al., 2010","Wu, X., BrŸggemann, N., Gasche, R., Shen, Z., Wolf, B., Butterbach-Bahl, K., 2010. Environmental controls over soil-atmosphere exchange of N2O, NO, and CO2 in a temperate Norway spruce forest. Global Biogeochem. Cycles 24, GB2012. doi:10.1029/2009gb003616.",NA,NA,NA,NA,NA,NA,NA,NA,NA,NA,NA,NA,NA,NA,NA,NA,NA,NA,NA,NA,NA,NA,NA,NA,NA,NA,NA,NA,NA,NA,NA,NA,NA,NA,NA,NA,NA,1.1072440344026662
243,CO2,Thawing,Lab,NA,NA,Central part of Germany,52.5,9.917,NA,Forest,Beech,NA,NA,Loamy silt,NA,34,2,4.3,4.3,NA,NA,-5,10,NA,NA,NA,3.7 - 4.5 mg C m-2 h-1,54.7 - 58.3 mg C m-2 h-1,4.1,56.5,mg C/m2/hr,3.6667,15.033,207.167,mg gas/m2/hr,1289,1200 - 1378,NA,NA,36,NA,0.81 - 1.37 g C m-2,NA,"Kurganova et al., 2007","Kurganova, I., Teepe, R., Loftfield, N., 2007. Influence of freeze-thaw events on carbon dioxide emission from soils at different moisture and land use. Carbon Balance and Management 2, 2.",NA,NA,NA,NA,NA,NA,NA,NA,NA,NA,NA,NA,NA,NA,NA,NA,NA,NA,NA,NA,NA,NA,NA,NA,NA,NA,NA,NA,NA,NA,NA,NA,NA,NA,NA,NA,NA,2.623277446646123
244,CO2,Thawing,Lab,NA,NA,Central part of Germany,52.5,9.917,NA,Crop field,Winter barley,NA,NA,Loamy silt,NA,12,1,7.9,7.9,NA,NA,-5,10,NA,NA,NA,0.8 - 1.1 mg C m-2 h-1,11.4 - 25.1 mg C m-2 h-1,0.6,18.25,mg C/m2/hr,3.6667,2.2,66.91700000000002,mg gas/m2/hr,1754,1325 - 2182,NA,NA,36,NA,0.25 - 0.70 g C m-2,NA,"Kurganova et al., 2007","Kurganova, I., Teepe, R., Loftfield, N., 2007. Influence of freeze-thaw events on carbon dioxide emission from soils at different moisture and land use. Carbon Balance and Management 2, 2.",NA,NA,NA,NA,NA,NA,NA,NA,NA,NA,NA,NA,NA,NA,NA,NA,NA,NA,NA,NA,NA,NA,NA,NA,NA,NA,NA,NA,NA,NA,NA,NA,NA,NA,NA,NA,NA,3.4149956851021344
245,CO2,Thawing,Lab,NA,NA,"Xilin River catchment, Inner Mongolia, China",44,116,NA,Steppe,Leymus chinensis steppe,0.7,335,"Calcic Chernozems (20% clay, 20% silt and 60% sand)",1.305,1.7,0.175,6.45,6.1- 6.8,NA,NA,-10,5,NA,NA,NA,5 mg C m-2 h-1,28.4 +/- 2.6 mg C m-2 h-1,5,28.4,mg C/m2/hr,3.6667,18.333000000000002,104.133,mg gas/m2/hr,468,468,NA,NA,48,NA,NA,NA,"Wu et al., 2010","Wu, X., Yao, Z., BrŸggemann, N., Shen, Z.Y., Wolf, B., Dannenmann, M., Zheng, X., Butterbach-Bahl, K., Effects of soil moisture and temperature on CO2 and CH4 soil-atmosphere exchange of various land use/cover types in a semi-arid grassland in Inner Mongolia, China. Soil Biology and Biochemistry 42, 773-787. doi:10.1016/j.soilbio.2010.01.013.",NA,NA,NA,NA,NA,NA,NA,NA,NA,NA,NA,NA,NA,NA,NA,NA,NA,NA,NA,NA,NA,NA,NA,NA,NA,NA,NA,NA,NA,NA,NA,NA,NA,NA,NA,NA,NA,1.7369662136870818
246,CO2,Thawing,Lab,NA,NA,"Xilin River catchment, Inner Mongolia, China",44,116,NA,Sand dunes,NA,0.7,335,"Calcic Chernozems (20% clay, 20% silt and 60% sand)",1.35,0.95,0.1,6.45,6.2 - 6.7,NA,NA,-10,5,NA,NA,NA,5 mg C m-2 h-1,50.0  +/-  5.7 mg C m-2 h-1,5,50,mg C/m2/hr,3.6667,18.333000000000002,183.333,mg gas/m2/hr,900,900,NA,NA,48,NA,NA,NA,"Wu et al., 2010","Wu, X., Yao, Z., BrŸggemann, N., Shen, Z.Y., Wolf, B., Dannenmann, M., Zheng, X., Butterbach-Bahl, K., Effects of soil moisture and temperature on CO2 and CH4 soil-atmosphere exchange of various land use/cover types in a semi-arid grassland in Inner Mongolia, China. Soil Biology and Biochemistry 42, 773-787. doi:10.1016/j.soilbio.2010.01.013.",NA,NA,NA,NA,NA,NA,NA,NA,NA,NA,NA,NA,NA,NA,NA,NA,NA,NA,NA,NA,NA,NA,NA,NA,NA,NA,NA,NA,NA,NA,NA,NA,NA,NA,NA,NA,NA,2.3026014567940476
247,CO2,Thawing,Lab,NA,NA,"Xilin River catchment, Inner Mongolia, China",44,116,NA,Mountain meadow,"Bromus inermis, Agrostis gigantea, Carex pediformis, Stipa baicalensis and Calamagrostis epigeios",0.7,335,"Calcic Chernozems (20% clay, 20% silt and 60% sand)",1,4.5,0.39,5.45,5.0 - 5.9,NA,NA,-10,5,NA,NA,NA,5 mg C m-2 h-1,81.9  +/- 2.7mg C m-2 h-1,5,81.9,mg C/m2/hr,3.6667,18.333000000000002,300.3,mg gas/m2/hr,1538,1538,NA,NA,48,NA,NA,NA,"Wu et al., 2010","Wu, X., Yao, Z., BrŸggemann, N., Shen, Z.Y., Wolf, B., Dannenmann, M., Zheng, X., Butterbach-Bahl, K., Effects of soil moisture and temperature on CO2 and CH4 soil-atmosphere exchange of various land use/cover types in a semi-arid grassland in Inner Mongolia, China. Soil Biology and Biochemistry 42, 773-787. doi:10.1016/j.soilbio.2010.01.013.",NA,NA,NA,NA,NA,NA,NA,NA,NA,NA,NA,NA,NA,NA,NA,NA,NA,NA,NA,NA,NA,NA,NA,NA,NA,NA,NA,NA,NA,NA,NA,NA,NA,NA,NA,NA,NA,2.7960792604083964
248,CO2,Thawing,Lab,NA,NA,"Xilin River catchment, Inner Mongolia, China",44,116,NA,Marshland,"Phragmites australis, Carex appendiculata, Iris lactea var. chinensis and Hippuris vulgaris",0.7,335,"Calcic Chernozems (20% clay, 20% silt and 60% sand)",1.315,2.6,0.28,6.85,6.3 - 7.4,NA,NA,-10,5,NA,NA,NA,5 mg C m-2 h-1,10.6  +/- 1.2 mg C m-2 h-1,5,10.6,mg C/m2/hr,3.6667,18.333000000000002,38.867,mg gas/m2/hr,112,112,NA,NA,48,NA,NA,NA,"Wu et al., 2010","Wu, X., Yao, Z., BrŸggemann, N., Shen, Z.Y., Wolf, B., Dannenmann, M., Zheng, X., Butterbach-Bahl, K., Effects of soil moisture and temperature on CO2 and CH4 soil-atmosphere exchange of various land use/cover types in a semi-arid grassland in Inner Mongolia, China. Soil Biology and Biochemistry 42, 773-787. doi:10.1016/j.soilbio.2010.01.013.",NA,NA,NA,NA,NA,NA,NA,NA,NA,NA,NA,NA,NA,NA,NA,NA,NA,NA,NA,NA,NA,NA,NA,NA,NA,NA,NA,NA,NA,NA,NA,NA,NA,NA,NA,NA,NA,0.7514428469599486
249,CO2,Thawing,Lab,NA,NA,"New Hampshire, USA",43.933,-71.75,NA,Forest,"American beech (Fagus grandifolia Ehrh.), sugar maple, and yellow birch.",NA,NA,"Shallow (75Ð100 cm), acidic (pH 3.9) Typic Haplorthods",NA,NA,NA,3.9,3.9,NA,NA,-13,NA,NA,NA,NA,57.2 mg C kg-1 d -1,331 mg C kg-1 d -1,57.2,331,mg C/kg/day,0.1528,8.738999999999999,50.569,mg gas/kg/hr,479,479,NA,NA,NA,NA,NA,NA,"Neilson et al., 2001","Neilson, C.B., Groffman, P.M., Hamburg, S.P., Driscoll, C.T., Fahey, T.J., Hardy, J.P., 2001. Freezing effects on carbon and nitrogen cycling in northern hardwood forest soils. Soil Science Society of America Journal 65, 1723-1730. http://soil.scijournals.org/cgi/content/full/65/6/1723",NA,NA,NA,NA,NA,NA,NA,NA,NA,NA,NA,NA,NA,NA,NA,NA,NA,NA,NA,NA,NA,NA,NA,NA,NA,NA,NA,NA,NA,NA,NA,NA,NA,NA,NA,NA,NA,1.7555429736810622
250,CO2,Thawing,Lab,NA,NA,"New Hampshire, USA",43.933,-71.75,NA,Forest,"American beech (Fagus grandifolia Ehrh.), sugar maple, and yellow birch.",NA,NA,"Shallow (75Ð100 cm), acidic (pH 3.9) Typic Haplorthods",NA,NA,NA,3.9,3.9,NA,NA,-3,NA,NA,NA,NA,56.6 mg C kg-1 d -1,131 mg C kg-1 d -1,56.6,131,mg C/kg/day,0.1528,8.646999999999998,20.014000000000003,mg gas/kg/hr,131,131,NA,NA,NA,NA,NA,NA,"Neilsen et al., 2001","Neilson, C.B., Groffman, P.M., Hamburg, S.P., Driscoll, C.T., Fahey, T.J., Hardy, J.P., 2001. Freezing effects on carbon and nitrogen cycling in northern hardwood forest soils. Soil Science Society of America Journal 65, 1723-1730. http://soil.scijournals.org/cgi/content/full/65/6/1723",NA,NA,NA,NA,NA,NA,NA,NA,NA,NA,NA,NA,NA,NA,NA,NA,NA,NA,NA,NA,NA,NA,NA,NA,NA,NA,NA,NA,NA,NA,NA,NA,NA,NA,NA,NA,NA,0.8392195886899715
255,CO2,Thawing,Lab,NA,NA,"Fichtelgebirge, NE Bavaria, Germany",50.132,11.881,775,Forest,Norway spruce (Picea abies),5.3,1160,Haplic Podsol with a mor-like moder of 6Ð10cm thickness,NA,7.4,0.39,4.3,4.3,NA,NA,-3 to -8,NA,NA,NA,NA,2 mmol CO2 mÐ2 hÐ1,2.5 to 6 mmol CO2 mÐ2 hÐ1,2,4.25,mmol CO2/m2/hr,44,88,187,mg gas/m2/hr,200,upto 200,NA,NA,168,NA,NA,NA,"Goldberg et al., 2008","Goldberg, S., Muhr, J., Borken, W., Gebauer, G., 2008. Fluxes of climate-relevant trace gases between a Norway spruce forest soil and the atmosphere during repeated freeze-thaw cycles in mesocosms. Journal of Plant Nutrition and Soil Science 171, 729Ð739.",NA,NA,NA,NA,NA,NA,NA,NA,NA,NA,NA,NA,NA,NA,NA,NA,NA,NA,NA,NA,NA,NA,NA,NA,NA,NA,NA,NA,NA,NA,NA,NA,NA,NA,NA,NA,NA,0.7537718023763802
256,N2O,Thawing,Field,NA,NA,"North of Munich, southern Germany",48.5,11.345,NA,Crop field,"Four-phase crop rotation  (potato, winter wheat, maize and winter wheat)",7.4,833,Loamy sand,1.49,1.44,0.15,6.4,6.4,NA,NA,NA,NA,NA,NA,NA,background levels of under 50 _g N2O_N mÐ2 hÐ1,up to 750 _g N2O_N mÐ2 hÐ1,50,750,µg N/m2/hr,0.0031,0.15700000000000003,2.3569999999999998,mg gas/m2/hr,1400,1400,NA,NA,NA,NA,NA,NA,"Dšrsch et al., 2004","Dšrsch, P., PalojŠrvi, A., Mommertz, S., 2004. Overwinter greenhouse gas fluxes in two contrasting agricultural habitats. Nutrient Cycling in Agroecosystems 70, 117-133. doi: 10.1023/B:FRES.0000048473.11362.63.",NA,NA,NA,NA,NA,NA,NA,NA,NA,NA,NA,NA,NA,NA,NA,NA,NA,NA,NA,NA,NA,NA,NA,NA,NA,NA,NA,NA,NA,NA,NA,NA,NA,NA,NA,NA,NA,2.708899097587823
270,N2O,Thawing,Field,NA,NA,"Elora Research Station, Ontario, Canada",43.65,-80.417,365,Crop field (conventional practice),Corn (Zea mays L.)Ðsoybean (Glycine max L.)Ðwinter wheat (Triticum aestivum L.) rotation,NA,NA,"Guelph loam (fi ne loamy, mixed, mesic Glossoboric Hapludalf)",NA,3,NA,NA,NA,NA,NA,NA,NA,NA,NA,NA,4.5 ng N mÐ2 sÐ1 (mean daily N2O fluxes),60 ng N mÐ2 sÐ1*,4.5,60,ng N/m2/s,0.0113,0.051000000000000004,0.6789999999999999,mg gas/m2/hr,1233,1233,NA,NA,NA,NA,NA,Best guess based on the Figure provided in the paper,"Wagner-Riddle et al., 2008","Wagner-Riddle, C., Hu, Q., Van Bochove, E., Jayasundara, S., 2008. Linking Nitrous Oxide Flux During Spring Thaw to Nitrate Denitrification in the Soil Profile. Soil Science Society of America Journal 72, 908. doi: 10.2136/sssaj2007.0353.",NA,NA,NA,NA,NA,NA,NA,NA,NA,NA,NA,NA,NA,NA,NA,NA,NA,NA,NA,NA,NA,NA,NA,NA,NA,NA,NA,NA,NA,NA,NA,NA,NA,NA,NA,NA,NA,2.58879549483437
271,N2O,Thawing,Field,NA,NA,"Elora Research Station, Ontario, Canada",43.65,-80.417,365,Crop field (best management practice),Corn (Zea mays L.)Ðsoybean (Glycine max L.)Ðwinter wheat (Triticum aestivum L.) rotation,NA,NA,"Guelph loam (fi ne loamy, mixed, mesic Glossoboric Hapludalf)",NA,3,NA,NA,NA,NA,NA,NA,NA,NA,NA,NA,2.8 ng N mÐ2 sÐ1 (mean daily N2O fluxes),60 ng N mÐ2 sÐ1,2.8,60,ng N/m2/s,0.0113,0.032,0.6789999999999999,mg gas/m2/hr,2043,1271,NA,NA,NA,NA,NA,NA,"Wagner-Riddle et al., 2008","Wagner-Riddle, C., Hu, Q., Van Bochove, E., Jayasundara, S., 2008. Linking Nitrous Oxide Flux During Spring Thaw to Nitrate Denitrification in the Soil Profile. Soil Science Society of America Journal 72, 908. doi: 10.2136/sssaj2007.0353.",NA,NA,NA,NA,NA,NA,NA,NA,NA,NA,NA,NA,NA,NA,NA,NA,NA,NA,NA,NA,NA,NA,NA,NA,NA,NA,NA,NA,NA,NA,NA,NA,NA,NA,NA,NA,NA,3.0548852247589693
272,N2O,Thawing,Field,NA,NA,Central Germany,NA,NA,NA,Crop field,Oil seed rape after winter barley,NA,NA,Imperfectly drained loam with silt,1.27,1.1,0.12,7.3,7.3 (0-20cm),NA,NA,NA,NA,NA,NA,NA,60 mg N2O-N m-2 h-1,700 mg N2O-N m-2 h-1*,60,700,mg N2O/m2/hr,1,60,700,mg gas/m2/hr,1067,NA,NA,NA,NA,NA,NA,Best guess based on the Figure provided in the paper,"Teepe et al., 2000","Teepe, R., Brumme, R., Beese, F., 2000. Nitrous oxide emissions from frozen soils under agricultural, fallow and forest land. Soil Biology and Biochemistry 32, 1807-1810.doi:10.1016/S0038-0717(00)00078-X.",NA,NA,NA,NA,NA,NA,NA,NA,NA,NA,NA,NA,NA,NA,NA,NA,NA,NA,NA,NA,NA,NA,NA,NA,NA,NA,NA,NA,NA,NA,NA,NA,NA,NA,NA,NA,NA,2.456735772821304
273,N2O,Thawing,Field,NA,NA,Central Germany,NA,NA,NA,Fallow,Covered with grass,NA,NA,Imperfectly drained loam with silt,1.31,1.5,0.17,6.6,6.6 (0-20cm),NA,NA,NA,NA,NA,NA,NA,25 mg N2O-N m-2 h-1,150 mg N2O-N m-2 h-1*,25,150,mg N2O/m2/hr,1,25,150,mg gas/m2/hr,500,NA,NA,NA,NA,NA,NA,Best guess based on the Figure provided in the paper,"Teepe et al., 2000","Teepe, R., Brumme, R., Beese, F., 2000. Nitrous oxide emissions from frozen soils under agricultural, fallow and forest land. Soil Biology and Biochemistry 32, 1807-1810.doi:10.1016/S0038-0717(00)00078-X.",NA,NA,NA,NA,NA,NA,NA,NA,NA,NA,NA,NA,NA,NA,NA,NA,NA,NA,NA,NA,NA,NA,NA,NA,NA,NA,NA,NA,NA,NA,NA,NA,NA,NA,NA,NA,NA,1.791759469228055
274,N2O,Thawing,Field,NA,NA,Central Germany,NA,NA,NA,Forest,32-year-old oak-forest (Quercus petrea ),NA,NA,Imperfectly drained loam with silt,0.55,8.1,0.48,4.1,"4.1 (0-5cm), 4.2 (5-30cm)",NA,NA,NA,NA,NA,NA,NA,16 mg N2O-N m-2 h-1,125 mg N2O-N m-2 h-1*,16,125,mg N2O/m2/hr,1,16,125,mg gas/m2/hr,681,NA,NA,NA,NA,NA,NA,Best guess based on the Figure provided in the paper,"Teepe et al., 2000","Teepe, R., Brumme, R., Beese, F., 2000. Nitrous oxide emissions from frozen soils under agricultural, fallow and forest land. Soil Biology and Biochemistry 32, 1807-1810.doi:10.1016/S0038-0717(00)00078-X.",NA,NA,NA,NA,NA,NA,NA,NA,NA,NA,NA,NA,NA,NA,NA,NA,NA,NA,NA,NA,NA,NA,NA,NA,NA,NA,NA,NA,NA,NA,NA,NA,NA,NA,NA,NA,NA,2.05572501506252
275,N2O,Thawing,Field,NA,NA,"Lower Saxony, Germany",NA,NA,NA,Crop field_fertilized,Winter wheat,NA,NA,"Silty loam with 1.5% sand, 79.3% silt, 19.2% clay",NA,NA,NA,7.1,7.1,NA,NA,NA,NA,NA,NA,NA,100 mg N2O-N m-2 h-1*,500 mg N2O-N m-2 h-1*,100,500,mg N2O/m2/hr,1,100,500,mg gas/m2/hr,400,400,NA,NA,NA,NA,NA,Best guess based on the Figure provided in the paper,Ršver et al. 1998,"Ršver, M., Heinemeyer, O., Kaiser, E., 1998. Microbial induced nitrous oxide emissions from an arable soil during winter. Soil Biology and Biochemistry 30, 1859-1865. doi:10.1016/S0038-0717(98)00080-7.",NA,NA,NA,NA,NA,NA,NA,NA,NA,NA,NA,NA,NA,NA,NA,NA,NA,NA,NA,NA,NA,NA,NA,NA,NA,NA,NA,NA,NA,NA,NA,NA,NA,NA,NA,NA,NA,1.6094379124341003
276,N2O,Thawing,Field,NA,NA,"Lower Saxony, Germany",NA,NA,NA,Crop field_no fertilizer,Winter wheat,NA,NA,"Silty loam with 1.5% sand, 79.3% silt, 19.2% clay",NA,NA,NA,7.1,7.1,NA,NA,NA,NA,NA,NA,NA,50 mg N2O-N m-2 h-1*,350 mg N2O-N m-2 h-1*,50,350,mg N2O/m2/hr,1,50,350,mg gas/m2/hr,600,600,NA,NA,NA,NA,NA,Best guess based on the Figure provided in the paper,Ršver et al. 1998,"Ršver, M., Heinemeyer, O., Kaiser, E., 1998. Microbial induced nitrous oxide emissions from an arable soil during winter. Soil Biology and Biochemistry 30, 1859-1865. doi:10.1016/S0038-0717(98)00080-7.",NA,NA,NA,NA,NA,NA,NA,NA,NA,NA,NA,NA,NA,NA,NA,NA,NA,NA,NA,NA,NA,NA,NA,NA,NA,NA,NA,NA,NA,NA,NA,NA,NA,NA,NA,NA,NA,1.9459101490553132
277,N2O,Thawing,Field,NA,NA,"Lower Saxony, Germany",NA,NA,NA,Crop field,"Sugar beet, winter wheat, winter wheat rotation",NA,NA,Loamy silt,NA,NA,NA,NA,NA,NA,NA,NA,NA,NA,NA,NA,<2 g N2O-N ha-1 d-1,>100  g N2O-N ha-1 d-1,2,100,g N/ha/day,0.0131,0.026000000000000002,1.31,mg gas/m2/hr,4900,NA,NA,NA,NA,NA,NA,NA,Kaiser et al. 1998,"Kaiser, E.A., Kohrs, K., Kucke, M., Schnug, E., Heinemeyer, O., Munch, J.C., 1998. Nitrous oxide release from arable soil: Importance of N-fertilization, crops and temporal variation. Soil Biology and Biochemistry 30, 1553-1563. doi:10.1016/S0038-0717(98)00036-4.",NA,NA,NA,NA,NA,NA,NA,NA,NA,NA,NA,NA,NA,NA,NA,NA,NA,NA,NA,NA,NA,NA,NA,NA,NA,NA,NA,NA,NA,NA,NA,NA,NA,NA,NA,NA,NA,3.919685878173715
278,N2O,Thawing,Field,NA,NA,"Xilin River catchment, Inner Mongolia, China",43.55,116.668,NA,ungrazed since 1999,NA,0.7,335,Calcic chernozem,1.09,2.55,NA,6.8,6.8,NA,NA,NA,NA,NA,NA,NA,mean flux: 8.2+/-0.5 _g N2OÐN m_2 h_1,upto 75 _g N2OÐN m_2 h_1,8.2,75,µg N/m2/hr,0.0031,0.026000000000000002,0.23600000000000002,mg gas/m2/hr,815,815,NA,NA,NA,NA,NA,NA,Holst et al. 2008,"Holst, J., Liu, C., Yao, Z., BrŸggemann, N., Zheng, X., Giese, M., Butterbach-Bahl, K., 2008. Fluxes of nitrous oxide, methane and carbon dioxide during freezingÐthawing cycles in an Inner Mongolian steppe. Plant and Soil 308, 105-117. doi: 10.1007/s11104-008-9610-8",NA,NA,NA,NA,NA,NA,NA,NA,NA,NA,NA,NA,NA,NA,NA,NA,NA,NA,NA,NA,NA,NA,NA,NA,NA,NA,NA,NA,NA,NA,NA,NA,NA,NA,NA,NA,NA,2.205735267004128
280,N2O,Thawing,Field,NA,NA,"Niwot Ridge, Colorado, USA",40.05,-105.583,NA,Alpine tundra,"Gramminoid Kobresia myosuroides, forb Acomostylis rossii, gramminoid Deschampsia caespitosa, A. rossii and D. caespitosa, with patchy occurrence of K. myosuroides",-3,1050,NA,NA,NA,NA,4.8,4.6 to 5.0,NA,NA,NA,NA,NA,NA,NA,9.2 ug N2O-N m-2 day-1,78 ug N2O-N m-2 day-1,9.2,78,µg N/m2/day,1e-4,0.001,0.01,mg gas/m2/hr,748,748,NA,NA,NA,NA,NA,NA,"Brooks et al., 1997","Brooks, P., Schmidt, S., Williams, M., 1997. Winter production of CO2 and N2O from alpine tundra: Environmental controls and relationship to inter-system C and N fluxes. Oecologia 110, 403-413.",NA,NA,NA,NA,NA,NA,NA,NA,NA,NA,NA,NA,NA,NA,NA,NA,NA,NA,NA,NA,NA,NA,NA,NA,NA,NA,NA,NA,NA,NA,NA,NA,NA,NA,NA,NA,NA,2.302585092994046
281,N2O,Thawing,Field,NA,NA,"Munich, Germany",48.5,11.167,NA,Forest,Norway spruce (Picea abies),7.3,800,NA,1.03,NA,NA,3.05,"2.9-3.2 (organic layer), 3.6-4.0 (mineral soil)",NA,NA,-1.5,NA,NA,NA,NA,< 30 ug N m-2 h-1,603 ug N m-2 h-1,30,603,µg N/m2/hr,0.0031,0.094,1.895,mg gas/m2/hr,1910,748,NA,NA,NA,> 73%,NA,NA,"Papen and Butterbach-Bahl, 1999","Papen, H., Butterbach-Bahl, K., 1999. A 3-year continuous record of nitrogen trace gas fluxes from untreated and limed soil of a N-saturated spruce and beech forest ecosystem in Germany - 1. N2O emissions. Journal of Geophysical Research 104, 18487-18503. doi:10.1029/1999JD900293",NA,NA,NA,NA,NA,NA,NA,NA,NA,NA,NA,NA,NA,NA,NA,NA,NA,NA,NA,NA,NA,NA,NA,NA,NA,NA,NA,NA,NA,NA,NA,NA,NA,NA,NA,NA,NA,3.003679335246523
282,N2O,Thawing,Field,NA,NA,"Munich, Germany",48.5,11.167,NA,Forest,Beech (Fagus sylvatica),7.3,800,NA,1.01,NA,NA,4,"3.9-4.1 (organic layer), 3.4 (mineral soil)",NA,NA,-1.5,NA,NA,NA,NA,< 30 ug N m-2 h-1,350 ug N m-2 h-1,30,350,µg N/m2/hr,0.0031,0.094,1.1,mg gas/m2/hr,1067,1910,NA,NA,NA,0.39,NA,NA,"Papen and Butterbach-Bahl, 1999","Papen, H., Butterbach-Bahl, K., 1999. A 3-year continuous record of nitrogen trace gas fluxes from untreated and limed soil of a N-saturated spruce and beech forest ecosystem in Germany - 1. N2O emissions. Journal of Geophysical Research 104, 18487-18503. doi:10.1029/1999JD900293",NA,NA,NA,NA,NA,NA,NA,NA,NA,NA,NA,NA,NA,NA,NA,NA,NA,NA,NA,NA,NA,NA,NA,NA,NA,NA,NA,NA,NA,NA,NA,NA,NA,NA,NA,NA,NA,2.459770676516458
283,N2O,Thawing,Field,NA,NA,"Inner Mongolia, China",43.55,116.705,NA,Steppe grasslands (ungrazed site),NA,NA,NA,NA,NA,NA,NA,NA,NA,NA,NA,NA,NA,NA,NA,NA,< 5 _g N2OÐN m_2 h_1*,50 _g N2OÐN m_2 h_1*,5,50,µg N2O/m2/hr,0.001,0.005,0.05,mg gas/m2/hr,900,900,NA,NA,NA,0.72,NA,Best guess based on the Figure provided in the paper,"Wolf et al., 2010","Wolf, B., Zheng, X., Bruggemann, N., Chen, W., Dannenmann, M., Han, X., Sutton, M.A., Wu, H., Yao, Z., Butterbach-Bahl, K., 2010. Grazing-induced reduction of natural nitrous oxide release from continental steppe. Nature 464, 881-884. doi:10.1038/nature08931.",NA,NA,NA,NA,NA,NA,NA,NA,NA,NA,NA,NA,NA,NA,NA,NA,NA,NA,NA,NA,NA,NA,NA,NA,NA,NA,NA,NA,NA,NA,NA,NA,NA,NA,NA,NA,NA,2.302585092994046
284,N2O,Thawing,Field,NA,NA,"Montreal, Canada",45.15,-73.667,NA,Crop field,"Lettuce (Lactuca sativa L., cv. Ithaca)",NA,NA,The limnic Haplohemist,NA,37.4,2.1,5,5,NA,NA,NA,NA,NA,NA,NA,<0.2 mg N2O m_2 hr_1,2 mg N2O m_2 h_1,0.2,2,mg N2O/m2/hr,1,0.2,2,mg gas/m2/hr,900,900,NA,NA,NA,NA,NA,NA,"Rochette et al., 2010","Rochette, P., Tremblay, N., Fallon, E., Angers, D.A., Chantigny, M.H., MacDonald, J.D., Bertrand, N., Parent, L.-ƒ., 2010. N2O emissions from an irrigated and non-irrigated organic soil in eastern Canada as influenced by N fertilizer addition. European Journal of Soil Science 61, 186-196. doi: 10.1111/j.1365-2389.2009.01222.x.",NA,NA,NA,NA,NA,NA,NA,NA,NA,NA,NA,NA,NA,NA,NA,NA,NA,NA,NA,NA,NA,NA,NA,NA,NA,NA,NA,NA,NA,NA,NA,NA,NA,NA,NA,NA,NA,2.302585092994046
286,N2O,Thawing,Field,NA,NA,southern Finland,60.65,24.367,NA,Drained peatland forest,"hummock dwarf shrubs, sedges and mosses",4.3,606,NA,NA,NA,NA,5,5,NA,NA,NA,NA,NA,NA,NA,mean emission rate: 3.2 _g N m_2 h_1,20 _g N m_2 h_1*,3.2,20,µg N/m2/hr,0.0031,0.01,0.063,mg gas/m2/hr,525,525,NA,NA,NA,NA,NA,Best guess based on the Figure provided in the paper,"Pihlatie et al., 2010","Pihlatie, M.K., Kiese, R., BrŸggemann, N., Butterbach-Bahl, K., Kieloaho, A.J., Laurila, T., Lohila, A., Mammarella, I., Minkkinen, K., PenttilŠ, T., Schšnborn, J., Vesala, T., 2010. Greenhouse gas fluxes in a drained peatland forest during spring frost-thaw event. Biogeosciences 7, 1715-1727. doi:10.5194/bgd-6-6111-2009. http://www.biogeosciences-discuss.net/6/6111/2009/bgd-6-6111-2009-print.pdf",NA,NA,NA,NA,NA,NA,NA,NA,NA,NA,NA,NA,NA,NA,NA,NA,NA,NA,NA,NA,NA,NA,NA,NA,NA,NA,NA,NA,NA,NA,NA,NA,NA,NA,NA,NA,NA,1.840549633397487
287,N2O,Thawing,Field,NA,NA,"South Bavaria, Germany",48.5,11.183,NA,Forest,Norway spruce (Picea abies),7.6,850,Typic Hapludalf,0.1975,2.25,NA,3.05,"Organic layer:2.9-3.2, A horizon: 3.6-4.0",NA,NA,NA,NA,NA,NA,NA,3.7 _g N m_2 h_1,173.5 _g N m_2 h_1,3.7,173.5,µg N/m2/hr,0.0031,0.012,0.545,mg gas/m2/hr,4589,4589,NA,NA,NA,24.4,NA,NA,"Wu et al., 2010","Wu, X., BrŸggemann, N., Gasche, R., Shen, Z., Wolf, B., Butterbach-Bahl, K., 2010. Environmental controls over soil-atmosphere exchange of N2O, NO, and CO2 in a temperate Norway spruce forest. Global Biogeochem. Cycles 24, GB2012. doi:10.1029/2009gb003616.",NA,NA,NA,NA,NA,NA,NA,NA,NA,NA,NA,NA,NA,NA,NA,NA,NA,NA,NA,NA,NA,NA,NA,NA,NA,NA,NA,NA,NA,NA,NA,NA,NA,NA,NA,NA,NA,3.815879144875244
288,N2O,Thawing,Field,NA,NA,"South Bavaria, Germany",48.5,11.183,NA,Forest,Norway spruce (Picea abies),7.6,850,Typic Hapludalf,0.1975,2.25,NA,3.05,"Organic layer:2.9-3.2, A horizon: 3.6-4.0",NA,NA,NA,NA,NA,NA,NA,< 20 _g N m_2 h_1*,487.3 _g N m_2 h_1,20,487.3,µg N/m2/hr,0.0031,0.063,1.532,mg gas/m2/hr,2337,2337,NA,NA,NA,73.3,NA,NA,"Wu et al., 2010","Wu, X., BrŸggemann, N., Gasche, R., Shen, Z., Wolf, B., Butterbach-Bahl, K., 2010. Environmental controls over soil-atmosphere exchange of N2O, NO, and CO2 in a temperate Norway spruce forest. Global Biogeochem. Cycles 24, GB2012. doi:10.1029/2009gb003616.",NA,NA,NA,NA,NA,NA,NA,NA,NA,NA,NA,NA,NA,NA,NA,NA,NA,NA,NA,NA,NA,NA,NA,NA,NA,NA,NA,NA,NA,NA,NA,NA,NA,NA,NA,NA,NA,3.191194623909004
289,N2O,Thawing,Field,NA,NA,"Seine Basin, France",NA,NA,NA,Crop field (Shoulder),Oats,NA,700,Silt loam,1.28,1.16,0.12,NA,NA,NA,NA,NA,NA,NA,NA,NA,0.2 g N m-2 d-1,3.4 g N m-2 d-1,0.2,3.4,g N/m2/day,130.9524,26.19,445.23799999999994,mg gas/m2/hr,1600,1600,NA,NA,NA,NA,NA,NA,"Vilain et al., 2010","Vilain, G., Garnier, J., Tallec, G., Cellier, P., 2010. Effect of slope position and land use on nitrous oxide (N2O) emissions (Seine Basin, France). Agricultural and Forest Meteorology. doi:10.1016/j.agrformet.2010.05.004.",NA,NA,NA,NA,NA,NA,NA,NA,NA,NA,NA,NA,NA,NA,NA,NA,NA,NA,NA,NA,NA,NA,NA,NA,NA,NA,NA,NA,NA,NA,NA,NA,NA,NA,NA,NA,NA,2.8332313121359225
290,N2O,Thawing,Field,NA,NA,"Seine Basin, France",NA,NA,NA,Crop field (Backslope 1),Oats,NA,700,Clay loam,1.46,1.3,0.15,NA,NA,NA,NA,NA,NA,NA,NA,NA,0.3  g N m-2 d-1,4.9 g N m-2 d-1,0.3,4.9,g N/m2/day,130.9524,39.286,641.6669999999999,mg gas/m2/hr,1533,1533,NA,NA,NA,NA,NA,NA,"Vilain et al., 2010","Vilain, G., Garnier, J., Tallec, G., Cellier, P., 2010. Effect of slope position and land use on nitrous oxide (N2O) emissions (Seine Basin, France). Agricultural and Forest Meteorology. doi:10.1016/j.agrformet.2010.05.004.",NA,NA,NA,NA,NA,NA,NA,NA,NA,NA,NA,NA,NA,NA,NA,NA,NA,NA,NA,NA,NA,NA,NA,NA,NA,NA,NA,NA,NA,NA,NA,NA,NA,NA,NA,NA,NA,2.793201256222075
291,N2O,Thawing,Field,NA,NA,"Seine Basin, France",NA,NA,NA,Crop field (Backslope 1),Oats/horse bean,NA,700,Silt loam,1.44,1.35,0.1,NA,NA,NA,NA,NA,NA,NA,NA,NA,0.1  g N m-2 d-1,5.9 g N m-2 d-1,0.1,5.9,g N/m2/day,130.9524,13.095,772.619,mg gas/m2/hr,5800,5800,NA,NA,NA,NA,NA,NA,"Vilain et al., 2010","Vilain, G., Garnier, J., Tallec, G., Cellier, P., 2010. Effect of slope position and land use on nitrous oxide (N2O) emissions (Seine Basin, France). Agricultural and Forest Meteorology. doi:10.1016/j.agrformet.2010.05.004.",NA,NA,NA,NA,NA,NA,NA,NA,NA,NA,NA,NA,NA,NA,NA,NA,NA,NA,NA,NA,NA,NA,NA,NA,NA,NA,NA,NA,NA,NA,NA,NA,NA,NA,NA,NA,NA,4.077555564255909
300,N2O,Thawing,Field,NA,NA,eastern Finland,63.15,27.333,NA,Grassland,"timothyÑmeadow fescue lawn (Phleum pratense and Festuca pratensin, Huds.)",2.8,609,"Dystric Regosol, fine sand (71%), silt (15%), and clay (6%)",NA,5.65,NA,5.8,5.8,NA,NA,NA,NA,NA,NA,NA,< 5 _g m_2h_1*,44.6 _g m_2h_1,5,44.6,µg N2O/m2/hr,0.001,0.005,0.045,mg gas/m2/hr,792,792,NA,NA,NA,NA,NA,NA,"Maljanen et al., 2007","Maljanen, M., Kohonen, A.R., Virkaj€Rvi, P., Martikainen, P.J., 2007. Fluxes and production of N2O, CO2 and CH4 in boreal agricultural soil during winter as affected by snow cover. Tellus B 59, 853-859. doi:10.1111/j.1600-0889.2007.00304.x.",NA,NA,NA,NA,NA,NA,NA,NA,NA,NA,NA,NA,NA,NA,NA,NA,NA,NA,NA,NA,NA,NA,NA,NA,NA,NA,NA,NA,NA,NA,NA,NA,NA,NA,NA,NA,NA,2.1972245773362196
303,N2O,Thawing,Field,NA,NA,"Hainich National Park, Thuringia, Germany",NA,NA,NA,Forest (42% Beech),Beech (Fagus sylvatica) and others,NA,NA,NA,1.2,NA,NA,6.3,5.7 - 6.9,NA,NA,NA,NA,NA,NA,NA,0.88 ug N2O-N m-2 h-1,59.41 ug N2O-N m-2 h-1,0.88,59.41,µg N2O/m2/hr,0.001,0.001,0.059000000000000004,mg gas/m2/hr,6651,6651.136364,NA,NA,NA,46,NA,NA,"Guckland et al., 2010","Guckland, A., Corre, M., Flessa, H., 2010. Variability of soil N cycling and N2O emission in a mixed deciduous forest with different abundance of beech. Plant and Soil 336, 25-38.",NA,NA,NA,NA,NA,NA,NA,NA,NA,NA,NA,NA,NA,NA,NA,NA,NA,NA,NA,NA,NA,NA,NA,NA,NA,NA,NA,NA,NA,NA,NA,NA,NA,NA,NA,NA,NA,4.07753744390572
304,N2O,Thawing,Field,NA,NA,"Grignon, France",48.51,1.58,NA,Crop field,"maize, winter wheat, winter barley, mustard",NA,NA,Silt loam,1.3,2.18,0.17,8.3,8.3,NA,NA,NA,NA,NA,NA,NA,average:6.3 to 11.2 ng N m_2 s_1 in two years,over 30 ng N m_2 s_1*,8.75,30,ng N/m2/s,0.0113,0.09899999999999999,0.33899999999999997,mg gas/m2/hr,243,252.9411765,NA,NA,NA,NA,NA,NA,"Laville et al., 2011","Laville, P., Lehuger, S., Loubet, B., Chaumartin, F., Cellier, P., 2011. Effect of management, climate and soil conditions on N2O and NO emissions from an arable crop rotation using high temporal resolution measurements. Agricultural and Forest Meteorology 151, 228-240 doi: 10.1016/j.agrformet.2010.10.008",NA,NA,NA,NA,NA,NA,NA,NA,NA,NA,NA,NA,NA,NA,NA,NA,NA,NA,NA,NA,NA,NA,NA,NA,NA,NA,NA,NA,NA,NA,NA,NA,NA,NA,NA,NA,NA,1.2308802572458604
310,N2O,Thawing,Lab,NA,NA,NA,NA,NA,NA,Crop field,Oil-seed rape,NA,NA,"clay:21%, silt: 44%, sand: 33%",NA,1.1,0.11,7.3,7.3,NA,NA,-5,10,NA,NA,NA,2 mg N2O-N m-2 h-1,184 mg N2O-N m-2 h-1 (a maximum of 330 mg N2O-N m-2 h-1),2,184,mg N/m2/hr,3.1429,6.2860000000000005,578.2860000000001,mg gas/m2/hr,9100,9100,NA,NA,NA,NA,NA,NA,"Teepe et al., 2001","Teepe, R., Brumme, R., Beese, F., 2001. Nitrous oxide emissions from soil during freezing and thawing periods. Soil Biology and Biochemistry 33, 1269-1275. doi:10.1016/S0038-0717(01)00084-0.",NA,NA,NA,NA,NA,NA,NA,NA,NA,NA,NA,NA,NA,NA,NA,NA,NA,NA,NA,NA,NA,NA,NA,NA,NA,NA,NA,NA,NA,NA,NA,NA,NA,NA,NA,NA,NA,4.521743617607637
311,N2O,Thawing,Lab,NA,NA,Central part of Germany,52.5,9.917,NA,Forest,Beech,NA,NA,Loamy silt,NA,3.4,0.2,4.3,4.3,NA,NA,-5,10,NA,NA,NA,4.2 ug N m-2 h-1,44.6 ug N m-2 h-1,4.2,44.6,µg N/m2/hr,0.0031,0.013000000000000001,0.14,mg gas/m2/hr,962,961,NA,NA,NA,NA,NA,NA,"Kurganova et al., 2004","Kurganova, I.N., Teepe, R., de Gerenyu, V.O.L., 2004. The dynamics of N2O emission from arable and forest soils under alternating freeze-thaw conditions. Eurasian Soil Science 37, 1219-1228.",NA,NA,NA,NA,NA,NA,NA,NA,NA,NA,NA,NA,NA,NA,NA,NA,NA,NA,NA,NA,NA,NA,NA,NA,NA,NA,NA,NA,NA,NA,NA,NA,NA,NA,NA,NA,NA,2.3766930651477676
312,N2O,Thawing,Lab,NA,NA,Central part of Germany,52.5,9.917,NA,Crop field,Winter barley,NA,NA,Loamy silt,NA,1.2,0.1,7.9,7.9,NA,NA,-5,10,NA,NA,NA,0.3 ug N m-2 h-1,120 ug N m-2 h-1,0.3,120,µg N/m2/hr,0.0031,0.001,0.377,mg gas/m2/hr,39900,39900,NA,NA,NA,NA,NA,NA,"Kurganova et al., 2004","Kurganova, I.N., Teepe, R., de Gerenyu, V.O.L., 2004. The dynamics of N2O emission from arable and forest soils under alternating freeze-thaw conditions. Eurasian Soil Science 37, 1219-1228.",NA,NA,NA,NA,NA,NA,NA,NA,NA,NA,NA,NA,NA,NA,NA,NA,NA,NA,NA,NA,NA,NA,NA,NA,NA,NA,NA,NA,NA,NA,NA,NA,NA,NA,NA,NA,NA,5.932245187448011
315,N2O,Thawing,Lab,NA,NA,"Fichtelgebirge, Germany",50.133,11.867,775,Forest,Norway spruce (Picea abies),5.3,1160,Haplic Podsol with a mor-like moder of 6Ð10cm thickness,NA,7.4,0.39,4.3,4.3,NA,NA,-3 to -8,NA,NA,NA,NA,0.8 umol mÐ2 hÐ1,3 umol mÐ2 hÐ1,0.8,3,µmol N2O/m2/hr,0.044,0.034999999999999996,0.132,mg gas/m2/hr,275,275,NA,NA,144,NA,NA,NA,"Goldberg et al., 2008","Goldberg, S., Muhr, J., Borken, W., Gebauer, G., 2008. Fluxes of climate-relevant trace gases between a Norway spruce forest soil and the atmosphere during repeated freeze-thaw cycles in mesocosms. Journal of Plant Nutrition and Soil Science 171, 729Ð739.",NA,NA,NA,NA,NA,NA,NA,NA,NA,NA,NA,NA,NA,NA,NA,NA,NA,NA,NA,NA,NA,NA,NA,NA,NA,NA,NA,NA,NA,NA,NA,NA,NA,NA,NA,NA,NA,1.3274538610969573
318,N2O,Thawing,Lab,NA,NA,"Giessen, Germany",NA,NA,NA,Grassland,NA,NA,NA,"Sandy loam ( 16% clay, 15% silt and 69% sand by weight)",NA,6.6,NA,6.2,6.2,NA,NA,-20,NA,NA,NA,NA,0.01 mg N g-1 d-1,0.93  mg N g-1 d-1,0.01,0.93,mg N/g/day,130.9524,1.31,121.786,mg gas/kg/hr,9200,9200,NA,NA,NA,NA,NA,NA,"MŸller et al., 2003","MŸller, C., Kammann, C., Ottow, J.C.G., JŠger, H.J., 2003. Nitrous oxide emission from frozen grassland soil and during thawing periods. Journal of Plant Nutrition and Soil Science 166, 46-53.",NA,NA,NA,NA,NA,NA,NA,NA,NA,NA,NA,NA,NA,NA,NA,NA,NA,NA,NA,NA,NA,NA,NA,NA,NA,NA,NA,NA,NA,NA,NA,NA,NA,NA,NA,NA,NA,4.532238268927602
320,N2O,Thawing,Lab,NA,NA,"Zackenberg lowlands, northeast Greenland",74.5,-20.5,NA,Permafrost_wetland site,Mosses and grasses,NA,NA,NA,NA,NA,NA,NA,NA,NA,NA,NA,7,NA,NA,NA,1.37 ug N kg-1 h-1,18 ug N kg-1 h-1,1.37,18,µg N/kg/hr,0.0031,0.004,0.057,mg gas/kg/hr,1214,1214,NA,NA,NA,NA,NA,NA,"Elberling et al., 2010","Elberling, B., Christiansen, H.H., Hansen, B.U., High nitrous oxide production from thawing permafrost. Nature Geosci 3, 332-335. doi: 10.1038/ngeo803",NA,NA,NA,NA,NA,NA,NA,NA,NA,NA,NA,NA,NA,NA,NA,NA,NA,NA,NA,NA,NA,NA,NA,NA,NA,NA,NA,NA,NA,NA,NA,NA,NA,NA,NA,NA,NA,2.6567569067146595
321,N2O,Thawing,Lab,NA,NA,"Zackenberg lowlands, northeast Greenland",74.5,-20.5,NA,Permafrost_wetland site,Mosses and grasses,NA,NA,NA,NA,NA,NA,NA,NA,NA,NA,NA,7,NA,NA,NA,0.4 mg N2O-N m-2 d-1,34 mg N2O-N m-2 d-1,0.4,34,mg N/m2/day,0.131,0.052000000000000005,4.452,mg gas/m2/hr,8400,8400,NA,NA,NA,NA,NA,NA,"Elberling et al., 2010","Elberling, B., Christiansen, H.H., Hansen, B.U., High nitrous oxide production from thawing permafrost. Nature Geosci 3, 332-335. doi: 10.1038/ngeo803",NA,NA,NA,NA,NA,NA,NA,NA,NA,NA,NA,NA,NA,NA,NA,NA,NA,NA,NA,NA,NA,NA,NA,NA,NA,NA,NA,NA,NA,NA,NA,NA,NA,NA,NA,NA,NA,4.449864993814008
322,N2O,Thawing,Lab,NA,NA,Siikasalmi in eastern Finland,62.917,29.5,NA,NA,NA,NA,NA,Organic soil,NA,26,1.6,7,7,NA,NA,-1.5,4,NA,NA,NA,5 ug N2O m-2 h-1*,19 ug N2O m-2 h-1,5,19,µg N2O/m2/hr,0.001,0.005,0.019,mg gas/m2/hr,280,280,NA,NA,48,NA,100-125 ug N2O-N m-2 (freeze-thaw 1 cycle),NA,"Koponen and Martikainen, 2004","Koponen, H.T., Martikainen, P.J., 2004. Soil water content and freezing temperature affect freezeÐthaw related N2O production in organic soil. Nutrient Cycling in Agroecosystems 69, 213-219. doi:10.1023/B:FRES.0000035172.37839.24.",NA,NA,NA,NA,NA,NA,NA,NA,NA,NA,NA,NA,NA,NA,NA,NA,NA,NA,NA,NA,NA,NA,NA,NA,NA,NA,NA,NA,NA,NA,NA,NA,NA,NA,NA,NA,NA,1.33500106673234
323,N2O,Thawing,Lab,NA,NA,Siikasalmi in eastern Finland,62.917,29.5,NA,NA,NA,NA,NA,Organic soil,NA,26,1.6,7,7,NA,NA,-1.5,4,NA,NA,NA,5 ug N2O m-2 h-1*,75 ug N2O m-2 h-1,5,75,µg N2O/m2/hr,0.001,0.005,0.07500000000000001,mg gas/m2/hr,1400,1400,NA,NA,48,NA,190-210 ug N2O-N m-2 (freeze-thaw 1 cycle),NA,"Koponen and Martikainen, 2004","Koponen, H.T., Martikainen, P.J., 2004. Soil water content and freezing temperature affect freezeÐthaw related N2O production in organic soil. Nutrient Cycling in Agroecosystems 69, 213-219. doi:10.1023/B:FRES.0000035172.37839.24.",NA,NA,NA,NA,NA,NA,NA,NA,NA,NA,NA,NA,NA,NA,NA,NA,NA,NA,NA,NA,NA,NA,NA,NA,NA,NA,NA,NA,NA,NA,NA,NA,NA,NA,NA,NA,NA,2.70805020110221
324,N2O,Thawing,Lab,NA,NA,Siikasalmi in eastern Finland,62.917,29.5,NA,NA,NA,NA,NA,Organic soil,NA,26,1.6,7,7,NA,NA,-1.5,4,NA,NA,NA,5 ug N2O m-2 h-1*,200 ug N2O m-2 h-1,5,200,µg N2O/m2/hr,0.001,0.005,0.2,mg gas/m2/hr,3900,3900,NA,NA,48,NA,1200-1900 ug N2O-N m-2 (freeze-thaw 1 cycle),NA,"Koponen and Martikainen, 2004","Koponen, H.T., Martikainen, P.J., 2004. Soil water content and freezing temperature affect freezeÐthaw related N2O production in organic soil. Nutrient Cycling in Agroecosystems 69, 213-219. doi:10.1023/B:FRES.0000035172.37839.24.",NA,NA,NA,NA,NA,NA,NA,NA,NA,NA,NA,NA,NA,NA,NA,NA,NA,NA,NA,NA,NA,NA,NA,NA,NA,NA,NA,NA,NA,NA,NA,NA,NA,NA,NA,NA,NA,3.6888794541139363
325,N2O,Thawing,Lab,NA,NA,Siikasalmi in eastern Finland,62.917,29.5,NA,NA,NA,NA,NA,Organic soil,NA,26,1.6,7,7,NA,NA,-1.5,4,NA,NA,NA,5 ug N2O m-2 h-1*,880 ug N2O m-2 h-1,5,880,µg N2O/m2/hr,0.001,0.005,0.88,mg gas/m2/hr,17500,17500,NA,NA,168,NA,17000-26000 ug N2O-N m-2 (freeze-thaw 1 cycle),NA,"Koponen and Martikainen, 2004","Koponen, H.T., Martikainen, P.J., 2004. Soil water content and freezing temperature affect freezeÐthaw related N2O production in organic soil. Nutrient Cycling in Agroecosystems 69, 213-219. doi:10.1023/B:FRES.0000035172.37839.24.",NA,NA,NA,NA,NA,NA,NA,NA,NA,NA,NA,NA,NA,NA,NA,NA,NA,NA,NA,NA,NA,NA,NA,NA,NA,NA,NA,NA,NA,NA,NA,NA,NA,NA,NA,NA,NA,5.170483995038151
326,N2O,Thawing,Lab,NA,NA,Siikasalmi in eastern Finland,62.917,29.5,NA,NA,NA,NA,NA,Organic soil,NA,26,1.6,7,7,NA,NA,-15,4,NA,NA,NA,5 ug N2O m-2 h-1*,1600 ug N2O m-2 h-1,5,1600,µg N2O/m2/hr,0.001,0.005,1.6,mg gas/m2/hr,31900,31900,NA,NA,NA,NA,23000 ug N2O-N m-2 (freeze-thaw 1 cycle),NA,"Koponen and Martikainen, 2004","Koponen, H.T., Martikainen, P.J., 2004. Soil water content and freezing temperature affect freezeÐthaw related N2O production in organic soil. Nutrient Cycling in Agroecosystems 69, 213-219. doi:10.1023/B:FRES.0000035172.37839.24.",NA,NA,NA,NA,NA,NA,NA,NA,NA,NA,NA,NA,NA,NA,NA,NA,NA,NA,NA,NA,NA,NA,NA,NA,NA,NA,NA,NA,NA,NA,NA,NA,NA,NA,NA,NA,NA,5.768320995793772
327,N2O,Thawing,Lab,NA,NA,Siikasalmi in eastern Finland,62.917,29.5,NA,NA,NA,NA,NA,Organic soil,NA,26,1.6,7,7,NA,NA,-15,4,NA,NA,NA,5 ug N2O m-2 h-1*,690 ug N2O m-2 h-1,5,690,µg N2O/m2/hr,0.001,0.005,0.69,mg gas/m2/hr,13700,13700,NA,NA,NA,NA,9400 ug N2O-N m-2 (freeze-thaw 1 cycle),NA,"Koponen and Martikainen, 2004","Koponen, H.T., Martikainen, P.J., 2004. Soil water content and freezing temperature affect freezeÐthaw related N2O production in organic soil. Nutrient Cycling in Agroecosystems 69, 213-219. doi:10.1023/B:FRES.0000035172.37839.24.",NA,NA,NA,NA,NA,NA,NA,NA,NA,NA,NA,NA,NA,NA,NA,NA,NA,NA,NA,NA,NA,NA,NA,NA,NA,NA,NA,NA,NA,NA,NA,NA,NA,NA,NA,NA,NA,4.927253685157205
328,N2O,Thawing,Lab,NA,NA,"Kannus, western Finland",NA,NA,NA,Afforested,silver birch (Betula pendula L.),2.4,561,Histosol,0.24,33,2.56,4.7,4.7,NA,NA,-4.9,5.5,NA,NA,NA,5.2 ug N2O m-2 h-1,51.9 ug N2O m-2 h-1,5.2,51.9,µg N2O/m2/hr,0.001,0.005,0.052000000000000005,mg gas/m2/hr,898,898.0769231,NA,NA,192,NA,NA,NA,"Koponen et al., 2006","Koponen, H.T., EscudŽ Duran, C., Maljanen, M., Hytšnen, J., Martikainen, P.J., 2006. Temperature responses of NO and N2O emissions from boreal organic soil. Soil Biology and Biochemistry 38, 1779-1787. doi:10.1016/j.soilbio.2005.12.004.",NA,NA,NA,NA,NA,NA,NA,NA,NA,NA,NA,NA,NA,NA,NA,NA,NA,NA,NA,NA,NA,NA,NA,NA,NA,NA,NA,NA,NA,NA,NA,NA,NA,NA,NA,NA,NA,2.341805806147327
329,N2O,Thawing,Lab,NA,NA,"Kannus, western Finland",NA,NA,NA,Abandoned (25Ð30 years ago),"Juncus filiformis, Cirsium palustre, Deschampsia cespitosa, Poa pratensis and Epilobium angustifolium",2.4,561,Histosol,0.37,19,0.98,5,5,NA,NA,-4.9,5.5,NA,NA,NA,20.7 ug N2O m-2 h-1,168.4 ug N2O m-2 h-1,20.7,168.4,µg N2O/m2/hr,0.001,0.021,0.168,mg gas/m2/hr,714,713.52657,NA,NA,264,NA,NA,NA,"Koponen et al., 2006","Koponen, H.T., EscudŽ Duran, C., Maljanen, M., Hytšnen, J., Martikainen, P.J., 2006. Temperature responses of NO and N2O emissions from boreal organic soil. Soil Biology and Biochemistry 38, 1779-1787. doi:10.1016/j.soilbio.2005.12.004.",NA,NA,NA,NA,NA,NA,NA,NA,NA,NA,NA,NA,NA,NA,NA,NA,NA,NA,NA,NA,NA,NA,NA,NA,NA,NA,NA,NA,NA,NA,NA,NA,NA,NA,NA,NA,NA,2.0794415416798357
330,N2O,Thawing,Lab,NA,NA,"Xilin River catchment, Inner Mongolia, China",NA,NA,NA,Typical steppe,L. chinensis and Stipagrandis,0.8,330,sandy loam,1.305,1.685,0.165,6.45,6.1-6.8,NA,NA,-10,5,NA,NA,NA,5 ug N2O m-2 h-1,10 ug N2O m-2 h-1,5,10,µg N2O/m2/hr,0.001,0.005,0.01,mg gas/m2/hr,100,100,NA,NA,NA,NA,NA,NA,"Yao et al., 2010","Yao, Z., Wu, X., Wolf, B., Dannenmann, M., Butterbach-Bahl, K., BrŸggemann, N., Chen, W., Zheng, X., 2010. Soil-atmosphere exchange potential of NO and N2O in different land use types of Inner Mongolia as affected by soil temperature, soil moisture, freeze-thaw, and drying-wetting events. J. Geophys. Res. 115, D17116. doi:10.1029/2009jd013528.",NA,NA,NA,NA,NA,NA,NA,NA,NA,NA,NA,NA,NA,NA,NA,NA,NA,NA,NA,NA,NA,NA,NA,NA,NA,NA,NA,NA,NA,NA,NA,NA,NA,NA,NA,NA,NA,0.6931471805599453
331,N2O,Thawing,Lab,NA,NA,"Xilin River catchment, Inner Mongolia, China",NA,NA,NA,Mountain meadow,NA,0.8,330,sandy loam,1,4.5,0.39,5.45,5.0-5.9,NA,NA,-10,5,NA,NA,NA,2.5 ug N2O m-2 h-1,10 ug N2O m-2 h-1,2.5,10,µg N2O/m2/hr,0.001,0.003,0.01,mg gas/m2/hr,300,300,NA,NA,NA,NA,NA,NA,"Yao et al., 2010","Yao, Z., Wu, X., Wolf, B., Dannenmann, M., Butterbach-Bahl, K., BrŸggemann, N., Chen, W., Zheng, X., 2010. Soil-atmosphere exchange potential of NO and N2O in different land use types of Inner Mongolia as affected by soil temperature, soil moisture, freeze-thaw, and drying-wetting events. J. Geophys. Res. 115, D17116. doi:10.1029/2009jd013528.",NA,NA,NA,NA,NA,NA,NA,NA,NA,NA,NA,NA,NA,NA,NA,NA,NA,NA,NA,NA,NA,NA,NA,NA,NA,NA,NA,NA,NA,NA,NA,NA,NA,NA,NA,NA,NA,1.2039728043259361
332,N2O,Thawing,Lab,NA,NA,"Xilin River catchment, Inner Mongolia, China",NA,NA,NA,Sand dune,"Bromus inermis, Agrostis gigantea, Carex pediformis, Stipa baicalensis and Calamagrostis epigeios",0.8,330,sandy loam,1.515,1,0.095,6.3,6.2-6.4,NA,NA,-10,5,NA,NA,NA,10 ug N2O m-2 h-1,20 ug N2O m-2 h-1,10,20,µg N2O/m2/hr,0.001,0.01,0.02,mg gas/m2/hr,100,100,NA,NA,NA,NA,NA,NA,"Yao et al., 2010","Yao, Z., Wu, X., Wolf, B., Dannenmann, M., Butterbach-Bahl, K., BrŸggemann, N., Chen, W., Zheng, X., 2010. Soil-atmosphere exchange potential of NO and N2O in different land use types of Inner Mongolia as affected by soil temperature, soil moisture, freeze-thaw, and drying-wetting events. J. Geophys. Res. 115, D17116. doi:10.1029/2009jd013528.",NA,NA,NA,NA,NA,NA,NA,NA,NA,NA,NA,NA,NA,NA,NA,NA,NA,NA,NA,NA,NA,NA,NA,NA,NA,NA,NA,NA,NA,NA,NA,NA,NA,NA,NA,NA,NA,0.6931471805599453
333,N2O,Thawing,Lab,NA,NA,"Xilin River catchment, Inner Mongolia, China",NA,NA,NA,Marshland,"Phragmites australis, Carex appendiculata, Iris lactea var. chinensis and Hippuris vulgaris",0.8,330,sandy loam,1.315,2.575,0.28,6.85,6.3-7.4,NA,NA,-10,5,NA,NA,NA,20 ug N2O m-2 h-1,60 ug N2O m-2 h-1,20,60,µg N2O/m2/hr,0.001,0.02,0.06,mg gas/m2/hr,200,200,NA,NA,NA,NA,NA,NA,"Yao et al., 2010","Yao, Z., Wu, X., Wolf, B., Dannenmann, M., Butterbach-Bahl, K., BrŸggemann, N., Chen, W., Zheng, X., 2010. Soil-atmosphere exchange potential of NO and N2O in different land use types of Inner Mongolia as affected by soil temperature, soil moisture, freeze-thaw, and drying-wetting events. J. Geophys. Res. 115, D17116. doi:10.1029/2009jd013528.",NA,NA,NA,NA,NA,NA,NA,NA,NA,NA,NA,NA,NA,NA,NA,NA,NA,NA,NA,NA,NA,NA,NA,NA,NA,NA,NA,NA,NA,NA,NA,NA,NA,NA,NA,NA,NA,1.0986122886681098
